{
	"AFN": {
		"name": "Afghan Afghani"
	},
	"ALL": {
		"name": "Albanian Lek"
	},
	"MGA": {
		"name": "Àlǐalè è Màlàgasì"
	},
	"ARS": {
		"name": "Argentine Peso"
	},
	"AMD": {
		"name": "Armenian Dram"
	},
	"AWG": {
		"name": "Aruban Florin"
	},
	"AZN": {
		"name": "Azerbaijani Manat"
	},
	"BSD": {
		"name": "Bahamian Dollar"
	},
	"BDT": {
		"name": "Bangladeshi Taka"
	},
	"BBD": {
		"name": "Barbadian Dollar"
	},
	"BYN": {
		"name": "Belarusian Ruble"
	},
	"BZD": {
		"name": "Belize Dollar"
	},
	"BMD": {
		"name": "Bermudan Dollar"
	},
	"BTN": {
		"name": "Bhutanese Ngultrum"
	},
	"ETB": {
		"name": "Bîi è Etyǒkpìa"
	},
	"BOB": {
		"name": "Bolivian Boliviano"
	},
	"BAM": {
		"name": "Bosnia-Herzegovina Convertible Mark"
	},
	"GBP": {
		"name": "Bɔ̀ŋ è Bèletì",
		"symbol": "£"
	},
	"EGP": {
		"name": "Bɔ̀ŋ è Edzì"
	},
	"SHP": {
		"name": "Bɔ̀ŋ è Sɛ̀n Èlenà"
	},
	"SDG": {
		"name": "Bɔ̀ŋ è Sùdànê"
	},
	"BRL": {
		"name": "Brazilian Real",
		"symbol": "R$"
	},
	"BND": {
		"name": "Brunei Dollar"
	},
	"BGN": {
		"name": "Bulgarian Lev"
	},
	"KHR": {
		"name": "Cambodian Riel"
	},
	"KYD": {
		"name": "Cayman Islands Dollar"
	},
	"XOF": {
		"name": "CFA Fàlâŋ BCEAO",
		"symbol": "CFA"
	},
	"XAF": {
		"name": "CFA Fàlâŋ BEAC",
		"symbol": "FCFA"
	},
	"XPF": {
		"name": "CFP Franc",
		"symbol": "CFPF"
	},
	"CLP": {
		"name": "Chilean Peso"
	},
	"COP": {
		"name": "Colombian Peso"
	},
	"CRC": {
		"name": "Costa Rican Colón"
	},
	"HRK": {
		"name": "Croatian Kuna"
	},
	"CUC": {
		"name": "Cuban Convertible Peso"
	},
	"CUP": {
		"name": "Cuban Peso"
	},
	"CZK": {
		"name": "Czech Koruna"
	},
	"GMD": {
		"name": "Dàlasì è Gambìa"
	},
	"DKK": {
		"name": "Danish Krone"
	},
	"MAD": {
		"name": "Dilàm è Mòlokò"
	},
	"AED": {
		"name": "Dilàm è Yùnaetɛ Alab Emelɛ̀"
	},
	"DZD": {
		"name": "Dinà è Àdzɛlìa"
	},
	"BHD": {
		"name": "Dinà è Balae"
	},
	"LYD": {
		"name": "Dinà è Lebìa"
	},
	"TND": {
		"name": "Dinà è Tùwneshìa"
	},
	"DOP": {
		"name": "Dominican Peso"
	},
	"STN": {
		"name": "Dɔbàlà è Sàwu Tɔ̀me à Pèlènsipè"
	},
	"CAD": {
		"name": "Dɔlà è Kanadà",
		"symbol": "CA$"
	},
	"NAD": {
		"name": "Dɔlà è Nàmibìa"
	},
	"USD": {
		"name": "Dɔlà è US",
		"symbol": "US$"
	},
	"AUD": {
		"name": "Dɔlà e Ùsɨ̀tɛ̀lɛlìa",
		"symbol": "A$"
	},
	"LRD": {
		"name": "Dɔlà Làebɛlìa"
	},
	"XCD": {
		"name": "East Caribbean Dollar",
		"symbol": "EC$"
	},
	"BIF": {
		"name": "Fàlâŋ è Bùlundì"
	},
	"DJF": {
		"name": "Fàlâŋ è Dzìbutì"
	},
	"KMF": {
		"name": "Fàlâŋ è Komolìa"
	},
	"CDF": {
		"name": "Fàlâŋ è Kuŋgùlê"
	},
	"RWF": {
		"name": "Fàlâŋ è Lùwandà"
	},
	"CHF": {
		"name": "Fàlâŋ è Sues"
	},
	"FKP": {
		"name": "Falkland Islands Pound"
	},
	"FJD": {
		"name": "Fijian Dollar"
	},
	"GEL": {
		"name": "Georgian Lari"
	},
	"GHS": {
		"name": "Ghanaian Cedi"
	},
	"JPY": {
		"name": "Ghɨ̂n Dzàkpànê",
		"symbol": "JP¥"
	},
	"GIP": {
		"name": "Gibraltar Pound"
	},
	"GTQ": {
		"name": "Guatemalan Quetzal"
	},
	"GNF": {
		"name": "Guinean Franc"
	},
	"GYD": {
		"name": "Guyanaese Dollar"
	},
	"HTG": {
		"name": "Haitian Gourde"
	},
	"HNL": {
		"name": "Honduran Lempira"
	},
	"HKD": {
		"name": "Hong Kong Dollar",
		"symbol": "HK$"
	},
	"HUF": {
		"name": "Hungarian Forint"
	},
	"ISK": {
		"name": "Icelandic Króna"
	},
	"IDR": {
		"name": "Indonesian Rupiah"
	},
	"IRR": {
		"name": "Iranian Rial"
	},
	"IQD": {
		"name": "Iraqi Dinar"
	},
	"ILS": {
		"name": "Israeli New Shekel",
		"symbol": "₪"
	},
	"JMD": {
		"name": "Jamaican Dollar"
	},
	"JOD": {
		"name": "Jordanian Dinar"
	},
	"CVE": {
		"name": "Kàbòvàdianù è Èsùkudò"
	},
	"KZT": {
		"name": "Kazakhstani Tenge"
	},
	"BWP": {
		"name": "Kpuwlà è Botɨshǔanà"
	},
	"KWD": {
		"name": "Kuwaiti Dinar"
	},
	"MWK": {
		"name": "Kwachà è Màlawè"
	},
	"ZMW": {
		"name": "Kwachà è Zambìa"
	},
	"AOA": {
		"name": "Kwanzà è Àŋgolà"
	},
	"KGS": {
		"name": "Kyrgystani Som"
	},
	"ZAR": {
		"name": "Lân è Afɨlekà ghɨ Emàm ghò"
	},
	"LAK": {
		"name": "Laotian Kip"
	},
	"LBP": {
		"name": "Lebanese Pound"
	},
	"SZL": {
		"name": "Lèlàŋgenè"
	},
	"SAR": {
		"name": "Leyà è Sàwudì"
	},
	"LSL": {
		"name": "Lɔtì Lèsutù"
	},
	"INR": {
		"name": "Lukpì è Endìa",
		"symbol": "₹"
	},
	"MUR": {
		"name": "Lukpìi è Mùleshòs"
	},
	"SCR": {
		"name": "Lukpìi è Sɛchɛ̀lɛ̀"
	},
	"SLL": {
		"name": "Lyɔ̂ŋ"
	},
	"MOP": {
		"name": "Macanese Pataca"
	},
	"MKD": {
		"name": "Macedonian Denar"
	},
	"MYR": {
		"name": "Malaysian Ringgit"
	},
	"MVR": {
		"name": "Maldivian Rufiyaa"
	},
	"MXN": {
		"name": "Mexican Peso",
		"symbol": "MX$"
	},
	"MDL": {
		"name": "Moldovan Leu"
	},
	"MNT": {
		"name": "Mongolian Tugrik"
	},
	"MZN": {
		"name": "Mozambican Metical"
	},
	"MMK": {
		"name": "Myanmar Kyat"
	},
	"NGN": {
		"name": "Naelà è Gɨ̀anyɨ"
	},
	"ERN": {
		"name": "Nakafa è Èletɨ̀làe"
	},
	"NPR": {
		"name": "Nepalese Rupee"
	},
	"ANG": {
		"name": "Netherlands Antillean Guilder"
	},
	"TWD": {
		"name": "New Taiwan Dollar",
		"symbol": "NT$"
	},
	"NZD": {
		"name": "New Zealand Dollar",
		"symbol": "NZ$"
	},
	"NIO": {
		"name": "Nicaraguan Córdoba"
	},
	"KPW": {
		"name": "North Korean Won"
	},
	"NOK": {
		"name": "Norwegian Krone"
	},
	"OMR": {
		"name": "Omani Rial"
	},
	"PKR": {
		"name": "Pakistani Rupee"
	},
	"PAB": {
		"name": "Panamanian Balboa"
	},
	"PGK": {
		"name": "Papua New Guinean Kina"
	},
	"PYG": {
		"name": "Paraguayan Guarani"
	},
	"PEN": {
		"name": "Peruvian Sol"
	},
	"PHP": {
		"name": "Philippine Piso"
	},
	"PLN": {
		"name": "Polish Zloty"
	},
	"QAR": {
		"name": "Qatari Rial"
	},
	"RON": {
		"name": "Romanian Leu"
	},
	"RUB": {
		"name": "Russian Ruble"
	},
	"SVC": {
		"name": "Salvadoran Colón"
	},
	"WST": {
		"name": "Samoan Tala"
	},
	"RSD": {
		"name": "Serbian Dinar"
	},
	"SOS": {
		"name": "Shwɨlà è Sùmalìa"
	},
	"TZS": {
		"name": "Shwɨlà è Tàanzanyìa"
	},
	"UGX": {
		"name": "Shwɨlà è Yùgandà"
	},
	"KES": {
		"name": "Shwɨlà tɨ Kenyà"
	},
	"SGD": {
		"name": "Singapore Dollar"
	},
	"SBD": {
		"name": "Solomon Islands Dollar"
	},
	"KRW": {
		"name": "South Korean Won",
		"symbol": "₩"
	},
	"SSP": {
		"name": "South Sudanese Pound"
	},
	"LKR": {
		"name": "Sri Lankan Rupee"
	},
	"SRD": {
		"name": "Surinamese Dollar"
	},
	"SEK": {
		"name": "Swedish Krona"
	},
	"SYP": {
		"name": "Syrian Pound"
	},
	"TJS": {
		"name": "Tajikistani Somoni"
	},
	"THB": {
		"name": "Thai Baht"
	},
	"TOP": {
		"name": "Tongan Paʻanga"
	},
	"TTD": {
		"name": "Trinidad & Tobago Dollar"
	},
	"TRY": {
		"name": "Turkish Lira"
	},
	"TMT": {
		"name": "Turkmenistani Manat"
	},
	"MRU": {
		"name": "Ùgueya è Mùlètenyìa"
	},
	"UAH": {
		"name": "Ukrainian Hryvnia"
	},
	"UYU": {
		"name": "Uruguayan Peso"
	},
	"UZS": {
		"name": "Uzbekistani Som"
	},
	"VUV": {
		"name": "Vanuatu Vatu"
	},
	"VEF": {
		"name": "Venezuelan Bolívar"
	},
	"VND": {
		"name": "Vietnamese Dong",
		"symbol": "₫"
	},
	"YER": {
		"name": "Yemeni Rial"
	},
	"EUR": {
		"name": "Yulù",
		"symbol": "€"
	},
	"CNY": {
		"name": "Yùwân Lèmembi è Chaenî",
		"symbol": "CN¥"
	},
	"ZWL": {
		"name": "Zimbabwean Dollar (2009)"
	}
}