{
	"AFN": {
		"name": "Afghan Afghani"
	},
	"ALL": {
		"name": "Albanian Lek"
	},
	"ARS": {
		"name": "Argentine Peso"
	},
	"AMD": {
		"name": "Armenian Dram"
	},
	"AWG": {
		"name": "Aruban Florin"
	},
	"AZN": {
		"name": "Azerbaijani Manat"
	},
	"BSD": {
		"name": "Bahamian Dollar"
	},
	"BDT": {
		"name": "Bangladeshi Taka"
	},
	"BBD": {
		"name": "Barbadian Dollar"
	},
	"BYN": {
		"name": "Belarusian Ruble"
	},
	"BZD": {
		"name": "Belize Dollar"
	},
	"BMD": {
		"name": "Bermudan Dollar"
	},
	"BTN": {
		"name": "Bhutanese Ngultrum"
	},
	"ETB": {
		"name": "bir ya Uhabeshi"
	},
	"BOB": {
		"name": "Bolivian Boliviano"
	},
	"BAM": {
		"name": "Bosnia-Herzegovina Convertible Mark"
	},
	"BRL": {
		"name": "Brazilian Real",
		"symbol": "R$"
	},
	"BND": {
		"name": "Brunei Dollar"
	},
	"BGN": {
		"name": "Bulgarian Lev"
	},
	"KHR": {
		"name": "Cambodian Riel"
	},
	"KYD": {
		"name": "Cayman Islands Dollar"
	},
	"XPF": {
		"name": "CFP Franc",
		"symbol": "CFPF"
	},
	"CLP": {
		"name": "Chilean Peso"
	},
	"COP": {
		"name": "Colombian Peso"
	},
	"CRC": {
		"name": "Costa Rican Colón"
	},
	"HRK": {
		"name": "Croatian Kuna"
	},
	"CUC": {
		"name": "Cuban Convertible Peso"
	},
	"CUP": {
		"name": "Cuban Peso"
	},
	"CZK": {
		"name": "Czech Koruna"
	},
	"GMD": {
		"name": "dalathi ya Gambia"
	},
	"DKK": {
		"name": "Danish Krone"
	},
	"DZD": {
		"name": "dinari ya Aljeria"
	},
	"BHD": {
		"name": "dinari ya Bahareni"
	},
	"LYD": {
		"name": "dinari ya Libya"
	},
	"SDG": {
		"name": "dinari ya Thudani"
	},
	"TND": {
		"name": "dinari ya Tunithia"
	},
	"AED": {
		"name": "dirham ya Falme dha Kiarabu"
	},
	"MAD": {
		"name": "dirham ya Moroko"
	},
	"STN": {
		"name": "dobra ya Thao Tome na Principe"
	},
	"AUD": {
		"name": "dola ya Authtralia",
		"symbol": "A$"
	},
	"CAD": {
		"name": "dola ya Kanada",
		"symbol": "CA$"
	},
	"LRD": {
		"name": "dola ya Liberia"
	},
	"USD": {
		"name": "dola ya Marekani",
		"symbol": "US$"
	},
	"NAD": {
		"name": "dola ya Namibia"
	},
	"DOP": {
		"name": "Dominican Peso"
	},
	"XCD": {
		"name": "East Caribbean Dollar",
		"symbol": "EC$"
	},
	"CVE": {
		"name": "ethkudo ya Kepuvede"
	},
	"FKP": {
		"name": "Falkland Islands Pound"
	},
	"XOF": {
		"name": "faranga CFA BCEAO",
		"symbol": "CFA"
	},
	"XAF": {
		"name": "faranga CFA BEAC",
		"symbol": "FCFA"
	},
	"MGA": {
		"name": "faranga ya Bukini"
	},
	"BIF": {
		"name": "faranga ya Burundi"
	},
	"DJF": {
		"name": "faranga ya Jibuti"
	},
	"KMF": {
		"name": "faranga ya Komoro"
	},
	"CDF": {
		"name": "faranga ya Kongo"
	},
	"RWF": {
		"name": "faranga ya Rwanda"
	},
	"CHF": {
		"name": "faranga ya Uthwithi"
	},
	"FJD": {
		"name": "Fijian Dollar"
	},
	"GEL": {
		"name": "Georgian Lari"
	},
	"GHS": {
		"name": "Ghanaian Cedi"
	},
	"GIP": {
		"name": "Gibraltar Pound"
	},
	"GTQ": {
		"name": "Guatemalan Quetzal"
	},
	"GNF": {
		"name": "Guinean Franc"
	},
	"GYD": {
		"name": "Guyanaese Dollar"
	},
	"HTG": {
		"name": "Haitian Gourde"
	},
	"HNL": {
		"name": "Honduran Lempira"
	},
	"HKD": {
		"name": "Hong Kong Dollar",
		"symbol": "HK$"
	},
	"HUF": {
		"name": "Hungarian Forint"
	},
	"ISK": {
		"name": "Icelandic Króna"
	},
	"IDR": {
		"name": "Indonesian Rupiah"
	},
	"IRR": {
		"name": "Iranian Rial"
	},
	"IQD": {
		"name": "Iraqi Dinar"
	},
	"ILS": {
		"name": "Israeli New Shekel",
		"symbol": "₪"
	},
	"JMD": {
		"name": "Jamaican Dollar"
	},
	"JOD": {
		"name": "Jordanian Dinar"
	},
	"KZT": {
		"name": "Kazakhstani Tenge"
	},
	"KWD": {
		"name": "Kuwaiti Dinar"
	},
	"ZMW": {
		"name": "kwacha ya Dhambia"
	},
	"MWK": {
		"name": "kwacha ya Malawi"
	},
	"AOA": {
		"name": "kwandha ya Angola"
	},
	"KGS": {
		"name": "Kyrgystani Som"
	},
	"LAK": {
		"name": "Laotian Kip"
	},
	"LBP": {
		"name": "Lebanese Pound"
	},
	"SLL": {
		"name": "leoni"
	},
	"SZL": {
		"name": "lilangeni"
	},
	"LSL": {
		"name": "loti ya Lethoto"
	},
	"MOP": {
		"name": "Macanese Pataca"
	},
	"MKD": {
		"name": "Macedonian Denar"
	},
	"MYR": {
		"name": "Malaysian Ringgit"
	},
	"MVR": {
		"name": "Maldivian Rufiyaa"
	},
	"MXN": {
		"name": "Mexican Peso",
		"symbol": "MX$"
	},
	"MDL": {
		"name": "Moldovan Leu"
	},
	"MNT": {
		"name": "Mongolian Tugrik"
	},
	"MZN": {
		"name": "Mozambican Metical"
	},
	"MMK": {
		"name": "Myanmar Kyat"
	},
	"NGN": {
		"name": "naira ya Nijeria"
	},
	"ERN": {
		"name": "nakfa ya Eritrea"
	},
	"NPR": {
		"name": "Nepalese Rupee"
	},
	"ANG": {
		"name": "Netherlands Antillean Guilder"
	},
	"TWD": {
		"name": "New Taiwan Dollar",
		"symbol": "NT$"
	},
	"NZD": {
		"name": "New Zealand Dollar",
		"symbol": "NZ$"
	},
	"NIO": {
		"name": "Nicaraguan Córdoba"
	},
	"KPW": {
		"name": "North Korean Won"
	},
	"NOK": {
		"name": "Norwegian Krone"
	},
	"OMR": {
		"name": "Omani Rial"
	},
	"PKR": {
		"name": "Pakistani Rupee"
	},
	"PAB": {
		"name": "Panamanian Balboa"
	},
	"PGK": {
		"name": "Papua New Guinean Kina"
	},
	"PYG": {
		"name": "Paraguayan Guarani"
	},
	"EGP": {
		"name": "pauni ya Mithri"
	},
	"SHP": {
		"name": "pauni ya Thantahelena"
	},
	"GBP": {
		"name": "pauni ya Uingeredha",
		"symbol": "£"
	},
	"PEN": {
		"name": "Peruvian Sol"
	},
	"PHP": {
		"name": "Philippine Piso"
	},
	"PLN": {
		"name": "Polish Zloty"
	},
	"BWP": {
		"name": "pula ya Botthwana"
	},
	"QAR": {
		"name": "Qatari Rial"
	},
	"ZAR": {
		"name": "randi ya Afrika Kuthini"
	},
	"SAR": {
		"name": "riyal ya Thaudia"
	},
	"RON": {
		"name": "Romanian Leu"
	},
	"INR": {
		"name": "rupia ya India",
		"symbol": "₹"
	},
	"MUR": {
		"name": "rupia ya Morithi"
	},
	"SCR": {
		"name": "rupia ya Shelisheli"
	},
	"RUB": {
		"name": "Russian Ruble"
	},
	"SVC": {
		"name": "Salvadoran Colón"
	},
	"WST": {
		"name": "Samoan Tala"
	},
	"RSD": {
		"name": "Serbian Dinar"
	},
	"KES": {
		"name": "shilingi ya Kenya"
	},
	"TZS": {
		"name": "shilingi ya Tandhania",
		"symbol": "TSh"
	},
	"SOS": {
		"name": "shilingi ya Thomalia"
	},
	"UGX": {
		"name": "shilingi ya Uganda"
	},
	"SGD": {
		"name": "Singapore Dollar"
	},
	"SBD": {
		"name": "Solomon Islands Dollar"
	},
	"KRW": {
		"name": "South Korean Won",
		"symbol": "₩"
	},
	"SSP": {
		"name": "South Sudanese Pound"
	},
	"LKR": {
		"name": "Sri Lankan Rupee"
	},
	"SRD": {
		"name": "Surinamese Dollar"
	},
	"SEK": {
		"name": "Swedish Krona"
	},
	"SYP": {
		"name": "Syrian Pound"
	},
	"TJS": {
		"name": "Tajikistani Somoni"
	},
	"THB": {
		"name": "Thai Baht"
	},
	"JPY": {
		"name": "tharafu ya Kijapani",
		"symbol": "JP¥"
	},
	"TOP": {
		"name": "Tongan Paʻanga"
	},
	"TTD": {
		"name": "Trinidad & Tobago Dollar"
	},
	"TRY": {
		"name": "Turkish Lira"
	},
	"TMT": {
		"name": "Turkmenistani Manat"
	},
	"MRU": {
		"name": "ugwiya ya Moritania"
	},
	"UAH": {
		"name": "Ukrainian Hryvnia"
	},
	"UYU": {
		"name": "Uruguayan Peso"
	},
	"UZS": {
		"name": "Uzbekistani Som"
	},
	"VUV": {
		"name": "Vanuatu Vatu"
	},
	"VEF": {
		"name": "Venezuelan Bolívar"
	},
	"VND": {
		"name": "Vietnamese Dong",
		"symbol": "₫"
	},
	"YER": {
		"name": "Yemeni Rial"
	},
	"CNY": {
		"name": "yuan renminbi ya China",
		"symbol": "CN¥"
	},
	"EUR": {
		"name": "yuro",
		"symbol": "€"
	},
	"ZWL": {
		"name": "Zimbabwean Dollar (2009)"
	}
}