{
	"UAH": {
		"name": "ই𑄃𑄨𑄃𑄪𑄇𑄳𑄢𑄭𑄚𑄴 𑄢𑄨𑄛𑄴𑄚𑄨𑄠"
	},
	"AZN": {
		"name": "𑄃𑄎𑄢𑄴𑄝𑄭𑄎𑄚𑄴 𑄟𑄚𑄖𑄴"
	},
	"AFN": {
		"name": "𑄃𑄜𑄴𑄉𑄚𑄴 𑄃𑄜𑄴𑄉𑄚𑄨"
	},
	"AWG": {
		"name": "𑄃𑄢𑄪𑄝 𑄉𑄨𑄣𑄴𑄓𑄢𑄴"
	},
	"ARS": {
		"name": "𑄃𑄢𑄴𑄎𑄬𑄚𑄴𑄑𑄨𑄚 𑄛𑄬𑄥𑄮"
	},
	"DZD": {
		"name": "𑄃𑄢𑄴𑄎𑄬𑄢𑄩𑄠𑄧 𑄘𑄨𑄚𑄢𑄴"
	},
	"AMD": {
		"name": "𑄃𑄢𑄴𑄟𑄬𑄚𑄨𑄠𑄚𑄴 𑄘𑄳𑄢𑄟𑄴"
	},
	"ALL": {
		"name": "𑄃𑄣𑄴𑄝𑄬𑄚𑄨𑄠𑄚𑄴 𑄣𑄬𑄇𑄴"
	},
	"AUD": {
		"name": "𑄃𑄧𑄌𑄴𑄑𑄳𑄢𑄬𑄣𑄨𑄠𑄚𑄴 𑄓𑄧𑄣𑄢𑄴",
		"symbol": "A$"
	},
	"EUR": {
		"name": "𑄃𑄨𑄅𑄪𑄢𑄮",
		"symbol": "€"
	},
	"ETB": {
		"name": "𑄃𑄨𑄗𑄨𑄃𑄮𑄛𑄨𑄠𑄚𑄴 𑄝𑄨𑄢𑄴"
	},
	"INR": {
		"name": "𑄃𑄨𑄚𑄴𑄘𑄨𑄠𑄚𑄴 𑄢𑄪𑄛𑄨",
		"symbol": "₹"
	},
	"IDR": {
		"name": "𑄃𑄨𑄚𑄴𑄘𑄮𑄚𑄬𑄥𑄨𑄠𑄚𑄴 𑄢𑄪𑄛𑄨𑄠𑄳𑄦𑄴"
	},
	"YER": {
		"name": "𑄃𑄨𑄠𑄬𑄟𑄬𑄚𑄨 𑄢𑄨𑄠𑄣𑄴"
	},
	"IQD": {
		"name": "𑄃𑄨𑄢𑄇𑄨 𑄘𑄨𑄚𑄢𑄴"
	},
	"IRR": {
		"name": "𑄃𑄨𑄢𑄚𑄨𑄠𑄚𑄴 𑄢𑄨𑄠𑄣𑄴"
	},
	"ILS": {
		"name": "𑄃𑄨𑄥𑄳𑄢𑄭𑄣𑄨 𑄚𑄱 𑄥𑄬𑄇𑄬𑄣𑄴",
		"symbol": "₪"
	},
	"UGX": {
		"name": "𑄃𑄪𑄉𑄚𑄴𑄓𑄚𑄴 𑄥𑄨𑄣𑄨𑄁"
	},
	"UZS": {
		"name": "𑄃𑄪𑄌𑄴𑄝𑄬𑄇𑄨𑄌𑄴𑄖𑄚𑄨 𑄥𑄮𑄟𑄴"
	},
	"KPW": {
		"name": "𑄃𑄪𑄖𑄴𑄖𑄮𑄢𑄴 𑄇𑄮𑄢𑄨𑄠𑄢𑄴 𑄃𑄮𑄚𑄴"
	},
	"UYU": {
		"name": "𑄃𑄪𑄢𑄪𑄉𑄪𑄠𑄬 𑄛𑄬𑄥𑄮"
	},
	"ERN": {
		"name": "𑄃𑄬𑄢𑄨𑄑𑄳𑄢𑄨𑄠𑄬𑄚𑄴 𑄚𑄇𑄴𑄜"
	},
	"SVC": {
		"name": "𑄃𑄬𑄣𑄴 𑄥𑄳𑄠𑄣𑄴𑄞𑄮𑄓𑄮𑄢𑄴 𑄇𑄮𑄣𑄮𑄚𑄴"
	},
	"ISK": {
		"name": "𑄃𑄭𑄥𑄴𑄣𑄳𑄠𑄚𑄳𑄓𑄴 𑄇𑄳𑄢𑄯𑄚𑄴"
	},
	"OMR": {
		"name": "𑄃𑄮𑄟𑄚𑄨 𑄢𑄨𑄠𑄣𑄴"
	},
	"AOA": {
		"name": "𑄃𑄳𑄠𑄋𑄴𑄉𑄮𑄣𑄚𑄴 𑄇𑄧𑄤𑄮𑄚𑄴𑄎"
	},
	"KZT": {
		"name": "𑄇𑄎𑄈𑄥𑄴𑄖𑄚𑄨 𑄑𑄬𑄋𑄴𑄉𑄬"
	},
	"QAR": {
		"name": "𑄇𑄖𑄢𑄴 𑄢𑄨𑄠𑄳𑄠𑄣𑄴"
	},
	"CAD": {
		"name": "𑄇𑄚𑄓𑄨𑄠𑄚𑄴 𑄓𑄧𑄣𑄢𑄴",
		"symbol": "CA$"
	},
	"CDF": {
		"name": "𑄇𑄧𑄋𑄴𑄉𑄮𑄣𑄨𑄌𑄴 𑄜𑄳𑄢𑄁𑄇𑄴"
	},
	"KHR": {
		"name": "𑄇𑄧𑄟𑄴𑄝𑄮𑄓𑄨𑄠𑄚𑄴 𑄢𑄨𑄠𑄬𑄣𑄴"
	},
	"KMF": {
		"name": "𑄇𑄧𑄟𑄴𑄝𑄮𑄢𑄮 𑄜𑄳𑄢𑄋𑄳𑄇𑄴"
	},
	"COP": {
		"name": "𑄇𑄧𑄣𑄮𑄟𑄴𑄝𑄨𑄠𑄚𑄴 𑄛𑄬𑄥𑄮"
	},
	"CUP": {
		"name": "𑄇𑄨𑄅𑄪𑄝𑄚𑄴 𑄛𑄬𑄥𑄮"
	},
	"CUC": {
		"name": "𑄇𑄨𑄅𑄪𑄝𑄚𑄴 𑄝𑄮𑄘𑄮𑄣𑄨𑄛𑄢𑄬 𑄛𑄬𑄥𑄮"
	},
	"KGS": {
		"name": "𑄇𑄨𑄢𑄴𑄉𑄨𑄎𑄴𑄃𑄨𑄥𑄴𑄖𑄚𑄴 𑄥𑄮𑄟𑄴"
	},
	"KWD": {
		"name": "𑄇𑄪𑄠𑄬𑄖𑄨 𑄘𑄨𑄚𑄢𑄴"
	},
	"KES": {
		"name": "𑄇𑄬𑄚𑄨𑄠𑄚𑄴 𑄥𑄨𑄣𑄨𑄁"
	},
	"CVE": {
		"name": "𑄇𑄬𑄛𑄴 𑄞𑄢𑄴𑄘𑄬 𑄃𑄬𑄥𑄴𑄇𑄪𑄓𑄮"
	},
	"KYD": {
		"name": "𑄇𑄬𑄟𑄳𑄠𑄚𑄴 𑄉𑄭 𑄉𑄭 𑄞𑄨𑄘𑄬𑄢𑄴 𑄓𑄧𑄣𑄢𑄴"
	},
	"CRC": {
		"name": "𑄇𑄮𑄥𑄴𑄑𑄢𑄨𑄇 𑄇𑄮𑄣𑄮𑄚𑄴"
	},
	"HRK": {
		"name": "𑄇𑄳𑄢𑄮𑄠𑄬𑄥𑄨𑄠𑄚𑄴 𑄇𑄪𑄚"
	},
	"GMD": {
		"name": "𑄉𑄟𑄴𑄝𑄨𑄠 𑄓𑄣𑄥𑄨"
	},
	"GNF": {
		"name": "𑄉𑄨𑄚𑄨 𑄜𑄳𑄢𑄋𑄳𑄇𑄴"
	},
	"GTQ": {
		"name": "𑄉𑄪𑄠𑄖𑄬𑄟𑄣𑄧 𑄇𑄪𑄠𑄬𑄖𑄴𑄎𑄣𑄴"
	},
	"GYD": {
		"name": "𑄉𑄭𑄠𑄬𑄚 𑄓𑄧𑄣𑄢𑄴"
	},
	"GHS": {
		"name": "𑄊𑄚 𑄥𑄬𑄓𑄨"
	},
	"CLP": {
		"name": "𑄌𑄨𑄣𑄨 𑄛𑄬𑄥𑄮"
	},
	"CNY": {
		"name": "𑄌𑄩𑄚 𑄠𑄪𑄠𑄚𑄴",
		"symbol": "CN¥"
	},
	"CZK": {
		"name": "𑄌𑄬𑄇𑄴 𑄛𑄳𑄢𑄧𑄎𑄖𑄧𑄚𑄴𑄖𑄳𑄢𑄧 𑄇𑄮𑄢𑄪𑄚"
	},
	"JPY": {
		"name": "𑄎𑄛𑄚𑄨 𑄃𑄨𑄠𑄬𑄚𑄴",
		"symbol": "JP¥"
	},
	"JMD": {
		"name": "𑄎𑄟𑄭𑄇𑄚𑄴 𑄓𑄧𑄣𑄢𑄴"
	},
	"ZMW": {
		"name": "𑄎𑄟𑄴𑄝𑄨𑄠𑄚𑄴 𑄇𑄧𑄤𑄌"
	},
	"AED": {
		"name": "𑄎𑄧𑄙 𑄃𑄢𑄧𑄝𑄴 𑄃𑄟𑄨𑄢𑄖𑄴 𑄘𑄨𑄢𑄴𑄦𑄟𑄴"
	},
	"GEL": {
		"name": "𑄎𑄧𑄢𑄴𑄎𑄨𑄠𑄚𑄴 𑄣𑄢𑄨"
	},
	"JOD": {
		"name": "𑄎𑄧𑄢𑄴𑄓𑄚𑄨𑄠𑄚𑄴 𑄘𑄨𑄚𑄢𑄴"
	},
	"DJF": {
		"name": "𑄎𑄨𑄝𑄪𑄖𑄨 𑄜𑄳𑄢𑄁𑄇𑄴"
	},
	"GIP": {
		"name": "𑄎𑄨𑄝𑄳𑄢𑄣𑄴𑄑𑄢𑄴 𑄛𑄅𑄪𑄚𑄳𑄓𑄴"
	},
	"ZWL": {
		"name": "𑄎𑄨𑄟𑄴𑄝𑄝𑄪𑄠𑄬 𑄓𑄧𑄣𑄢𑄴 (𑄸𑄶𑄶𑄿)"
	},
	"TOP": {
		"name": "𑄑𑄮𑄋𑄴𑄉 𑄛𑄳𑄃 𑄃𑄋𑄴𑄉"
	},
	"DOP": {
		"name": "𑄓𑄮𑄟𑄨𑄚𑄨𑄇𑄚𑄴 𑄛𑄬𑄥𑄮"
	},
	"DKK": {
		"name": "𑄓𑄳𑄠𑄚𑄨𑄌𑄴 𑄇𑄳𑄢𑄯𑄚𑄴"
	},
	"TJS": {
		"name": "𑄖𑄎𑄨𑄇𑄨𑄌𑄴𑄖𑄚𑄴 𑄥𑄮𑄟𑄮𑄚𑄨"
	},
	"TZS": {
		"name": "𑄖𑄚𑄴𑄎𑄚𑄨𑄠 𑄥𑄨𑄣𑄨𑄁"
	},
	"TND": {
		"name": "𑄖𑄨𑄃𑄪𑄚𑄬𑄥𑄨𑄠𑄚𑄴 𑄘𑄨𑄚𑄢𑄴"
	},
	"TMT": {
		"name": "𑄖𑄪𑄢𑄴𑄇𑄧𑄟𑄬𑄚𑄨𑄌𑄴𑄖𑄚𑄨 𑄟𑄚𑄖𑄴"
	},
	"TRY": {
		"name": "𑄖𑄪𑄢𑄴𑄇𑄨 𑄣𑄨𑄢"
	},
	"TTD": {
		"name": "𑄖𑄳𑄢𑄨𑄚𑄨𑄘𑄖𑄴 𑄃𑄳𑄃 𑄑𑄮𑄝𑄉𑄮 𑄓𑄧𑄣𑄢𑄴"
	},
	"THB": {
		"name": "𑄗𑄭 𑄝𑄖𑄴",
		"symbol": "฿"
	},
	"ZAR": {
		"name": "𑄘𑄧𑄉𑄨𑄚𑄴 𑄃𑄜𑄳𑄢𑄨𑄇𑄚𑄴 𑄢𑄳𑄠𑄚𑄳𑄓𑄴"
	},
	"KRW": {
		"name": "𑄘𑄧𑄉𑄨𑄚𑄴 𑄇𑄮𑄢𑄨𑄠𑄢𑄴 𑄃𑄮𑄚𑄴",
		"symbol": "₩"
	},
	"SSP": {
		"name": "𑄘𑄧𑄉𑄨𑄚𑄴 𑄥𑄪𑄘𑄚𑄨 𑄛𑄃𑄪𑄚𑄳𑄓𑄴"
	},
	"NAD": {
		"name": "𑄚𑄟𑄨𑄝𑄨𑄠 𑄓𑄧𑄣𑄢𑄴"
	},
	"NOK": {
		"name": "𑄚𑄧𑄢𑄴𑄃𑄮𑄠𑄬 𑄇𑄳𑄢𑄯𑄚𑄴"
	},
	"NZD": {
		"name": "𑄚𑄨𑄃𑄪𑄎𑄨𑄣𑄳𑄠𑄚𑄳𑄓𑄴 𑄓𑄧𑄣𑄢𑄴",
		"symbol": "NZ$"
	},
	"NIO": {
		"name": "𑄚𑄨𑄇𑄢𑄉𑄪𑄠𑄚 𑄇𑄧𑄢𑄴𑄓𑄮𑄝"
	},
	"ANG": {
		"name": "𑄚𑄬𑄘𑄢𑄴𑄣𑄳𑄠𑄚𑄴𑄓𑄴 𑄃𑄳𑄠𑄚𑄴𑄑𑄨𑄣𑄨𑄠𑄚𑄴 𑄉𑄪𑄣𑄴𑄓𑄬𑄢𑄴"
	},
	"NPR": {
		"name": "𑄚𑄬𑄛𑄣𑄨 𑄢𑄪𑄛𑄨"
	},
	"NGN": {
		"name": "𑄚𑄭𑄎𑄬𑄢𑄨𑄠𑄚𑄴 𑄚𑄠𑄴𑄢"
	},
	"TWD": {
		"name": "𑄚𑄱 𑄦𑄭𑄤𑄚𑄴𑄓𑄧𑄣𑄢𑄴",
		"symbol": "NT$"
	},
	"PKR": {
		"name": "𑄛𑄇𑄨𑄥𑄴𑄖𑄚𑄨 𑄢𑄪𑄛𑄨"
	},
	"PAB": {
		"name": "𑄛𑄚𑄟 𑄝𑄬𑄣𑄴𑄝𑄮𑄠"
	},
	"PGK": {
		"name": "𑄛𑄛𑄱 𑄚𑄨𑄃𑄪 𑄉𑄨𑄚𑄨 𑄉𑄨𑄚𑄨𑄠𑄚𑄴 𑄇𑄨𑄚"
	},
	"XOF": {
		"name": "𑄛𑄧𑄎𑄨𑄟𑄴 𑄃𑄜𑄳𑄢𑄨𑄇𑄚𑄴 [CFA] 𑄜𑄳𑄢𑄳𑄠𑄋𑄳𑄇𑄴",
		"symbol": "CFA"
	},
	"XCD": {
		"name": "𑄛𑄪𑄉𑄬𑄘𑄨 𑄇𑄳𑄠𑄢𑄝𑄨𑄠𑄚𑄴 𑄓𑄧𑄣𑄢𑄴",
		"symbol": "EC$"
	},
	"PEN": {
		"name": "𑄛𑄬𑄢𑄪𑄞𑄨𑄠𑄚𑄴 𑄥𑄮𑄣𑄴"
	},
	"PLN": {
		"name": "𑄛𑄮𑄣𑄨𑄌𑄴 𑄎𑄧𑄣𑄮𑄑𑄨"
	},
	"PYG": {
		"name": "𑄛𑄳𑄠𑄢𑄉𑄪𑄠𑄚𑄴 𑄉𑄪𑄠𑄢𑄚𑄨"
	},
	"FKP": {
		"name": "𑄜𑄧𑄇𑄴𑄣𑄳𑄠𑄚𑄴𑄓𑄴 𑄉𑄭 𑄉𑄭 𑄞𑄨𑄘𑄬 𑄛𑄃𑄪𑄚𑄴𑄓𑄴"
	},
	"FJD": {
		"name": "𑄜𑄨𑄎𑄨 𑄓𑄧𑄣𑄢𑄴"
	},
	"PHP": {
		"name": "𑄜𑄨𑄣𑄨𑄛𑄭𑄚𑄴 𑄛𑄬𑄥𑄮"
	},
	"BBD": {
		"name": "𑄝𑄢𑄴𑄝𑄬𑄓𑄮𑄎𑄴 𑄓𑄧𑄣𑄢𑄴"
	},
	"BMD": {
		"name": "𑄝𑄢𑄴𑄟𑄨𑄅𑄪𑄓𑄚𑄴 𑄓𑄧𑄣𑄢𑄴"
	},
	"BDT": {
		"name": "𑄝𑄁𑄣𑄘𑄬𑄥𑄨 𑄑𑄬𑄋",
		"symbol": "৳"
	},
	"BSD": {
		"name": "𑄝𑄦𑄟𑄨𑄠𑄚𑄴 𑄓𑄧𑄣𑄢𑄴"
	},
	"BHD": {
		"name": "𑄝𑄦𑄧𑄢𑄭𑄚𑄨 𑄘𑄨𑄚𑄢𑄴"
	},
	"BWP": {
		"name": "𑄝𑄧𑄖𑄴𑄥𑄮𑄠𑄚 𑄛𑄪𑄣"
	},
	"BOB": {
		"name": "𑄝𑄧𑄣𑄨𑄞𑄨𑄠𑄚𑄮"
	},
	"BAM": {
		"name": "𑄝𑄧𑄥𑄴𑄚𑄨𑄠 𑄃𑄳𑄃 𑄦𑄢𑄴𑄎𑄬𑄉𑄮𑄞𑄨𑄚 𑄟𑄢𑄴𑄇𑄴"
	},
	"BIF": {
		"name": "𑄝𑄪𑄢𑄪𑄚𑄴𑄓𑄨 𑄜𑄳𑄢𑄋𑄴𑄇𑄴"
	},
	"BGN": {
		"name": "𑄝𑄪𑄣𑄴𑄉𑄬𑄢𑄩𑄠𑄧 𑄚𑄱 𑄣𑄬𑄞𑄴"
	},
	"BYN": {
		"name": "𑄝𑄬𑄣𑄢𑄪𑄥𑄨𑄠𑄚𑄴 𑄢𑄪𑄝𑄬𑄣𑄴"
	},
	"BZD": {
		"name": "𑄝𑄬𑄣𑄨𑄎𑄴 𑄓𑄧𑄣𑄢𑄴"
	},
	"BRL": {
		"name": "𑄝𑄳𑄢𑄎𑄨𑄣𑄨𑄠𑄚𑄴 𑄢𑄨𑄠𑄬𑄣𑄴",
		"symbol": "R$"
	},
	"GBP": {
		"name": "𑄝𑄳𑄢𑄨𑄑𑄨𑄌𑄴 𑄛𑄃𑄪𑄚𑄴",
		"symbol": "£"
	},
	"BND": {
		"name": "𑄝𑄳𑄢𑄪𑄚𑄬𑄭 𑄓𑄧𑄣𑄢𑄴"
	},
	"VUV": {
		"name": "𑄞𑄚𑄪𑄠𑄖𑄪 𑄞𑄖𑄪"
	},
	"VND": {
		"name": "𑄞𑄨𑄠𑄬𑄖𑄴𑄚𑄟𑄨 𑄓𑄧𑄋𑄴𑄉𑄧",
		"symbol": "₫"
	},
	"BTN": {
		"name": "𑄞𑄪𑄑𑄚𑄨 𑄃𑄬𑄚𑄴𑄉𑄪𑄣𑄴𑄑𑄳𑄢𑄟𑄴𑄛𑄴"
	},
	"VEF": {
		"name": "𑄞𑄬𑄚𑄨𑄎𑄪𑄔𑄮𑄣𑄚𑄴 𑄝𑄧𑄣𑄨𑄞𑄢𑄴"
	},
	"MGA": {
		"name": "𑄟𑄘𑄉𑄌𑄴𑄇𑄢𑄴 𑄃𑄢𑄨𑄠𑄢𑄨"
	},
	"MMK": {
		"name": "𑄟𑄠𑄚𑄴𑄟𑄢𑄴 𑄇𑄨𑄠𑄖𑄴"
	},
	"USD": {
		"name": "𑄟𑄢𑄴𑄇𑄨𑄚𑄴 𑄓𑄧𑄣𑄢𑄴",
		"symbol": "US$"
	},
	"MWK": {
		"name": "𑄟𑄣𑄃𑄪𑄃𑄨𑄠𑄚𑄴 𑄇𑄧𑄤𑄌𑄴"
	},
	"MVR": {
		"name": "𑄟𑄣𑄴𑄘𑄨𑄞𑄨𑄠𑄚𑄴 𑄢𑄪𑄜𑄨𑄠"
	},
	"MYR": {
		"name": "𑄟𑄣𑄴𑄠𑄬𑄥𑄨𑄠𑄚𑄴 𑄢𑄨𑄁𑄉𑄨𑄖𑄴"
	},
	"MNT": {
		"name": "𑄟𑄧𑄋𑄴𑄉𑄮𑄣𑄨𑄠𑄚𑄴 𑄖𑄪𑄇𑄴𑄢𑄨𑄇𑄴"
	},
	"XAF": {
		"name": "𑄟𑄧𑄖𑄴𑄙𑄳𑄠 𑄃𑄜𑄳𑄢𑄨𑄇𑄚𑄴[CFA] 𑄜𑄳𑄢𑄳𑄠𑄋𑄳𑄇𑄴",
		"symbol": "FCFA"
	},
	"EGP": {
		"name": "𑄟𑄨𑄥𑄧𑄢𑄩𑄠𑄴 𑄛𑄅𑄪𑄚𑄴𑄓𑄴"
	},
	"MZN": {
		"name": "𑄟𑄮𑄎𑄟𑄴𑄝𑄨𑄇𑄴 𑄟𑄬𑄑𑄨𑄇𑄬𑄣𑄴"
	},
	"MAD": {
		"name": "𑄟𑄮𑄢𑄮𑄇𑄳𑄦𑄚𑄴 𑄘𑄨𑄢𑄴𑄦𑄟𑄴"
	},
	"MDL": {
		"name": "𑄟𑄮𑄣𑄴𑄓𑄮𑄞𑄚𑄴 𑄣𑄬𑄠𑄪"
	},
	"MRU": {
		"name": "𑄟𑄯𑄢𑄨𑄖𑄚𑄨𑄠𑄚𑄴 𑄃𑄮𑄃𑄪𑄉𑄭𑄪𑄠"
	},
	"MUR": {
		"name": "𑄟𑄯𑄢𑄨𑄖𑄚𑄨𑄠𑄚𑄴 𑄢𑄪𑄛𑄨"
	},
	"MOP": {
		"name": "𑄟𑄳𑄠𑄇𑄳𑄠𑄃𑄮 𑄛𑄑𑄇"
	},
	"MXN": {
		"name": "𑄟𑄳𑄠𑄇𑄴𑄥𑄨𑄇𑄚𑄴 𑄛𑄬𑄥𑄮",
		"symbol": "MX$"
	},
	"MKD": {
		"name": "𑄟𑄳𑄠𑄥𑄬𑄓𑄮𑄚𑄨𑄠𑄚𑄴 𑄘𑄨𑄚𑄢𑄴"
	},
	"RUB": {
		"name": "𑄢𑄥𑄨𑄠𑄚𑄴 𑄢𑄪𑄝𑄬𑄣𑄴"
	},
	"RON": {
		"name": "𑄢𑄪𑄟𑄚𑄨𑄠 𑄣𑄬𑄠𑄪"
	},
	"RWF": {
		"name": "𑄢𑄪𑄠𑄚𑄴𑄓𑄚𑄴 𑄜𑄳𑄢𑄋𑄳𑄇𑄴"
	},
	"LYD": {
		"name": "𑄣𑄨𑄝𑄨𑄠𑄚𑄴 𑄓𑄧𑄣𑄢𑄴"
	},
	"LRD": {
		"name": "𑄣𑄨𑄝𑄬𑄢𑄨𑄠𑄚𑄴 𑄓𑄧𑄣𑄢𑄴"
	},
	"LAK": {
		"name": "𑄣𑄬𑄅𑄪𑄥𑄚𑄴 𑄇𑄨𑄛𑄴"
	},
	"LBP": {
		"name": "𑄣𑄬𑄝𑄚𑄨𑄎𑄴 𑄛𑄅𑄪𑄚𑄳𑄓𑄴"
	},
	"LSL": {
		"name": "𑄣𑄬𑄥𑄪𑄑𑄪 𑄣𑄮𑄑𑄨"
	},
	"STN": {
		"name": "𑄥𑄃𑄮 𑄑𑄮𑄟𑄬 𑄃𑄳𑄃 𑄛𑄳𑄢𑄨𑄚𑄴𑄥𑄨𑄛𑄬 𑄓𑄮𑄛𑄴𑄢"
	},
	"WST": {
		"name": "𑄥𑄟𑄮𑄠𑄚𑄴 𑄑𑄣"
	},
	"RSD": {
		"name": "𑄥𑄢𑄴𑄝𑄨𑄠𑄚𑄴 𑄘𑄨𑄚𑄢𑄴"
	},
	"SBD": {
		"name": "𑄥𑄧𑄣𑄮𑄟𑄧𑄚𑄴 𑄉𑄭 𑄉𑄭 𑄞𑄨𑄘𑄬𑄢𑄴 𑄓𑄧𑄣𑄢𑄴"
	},
	"XPF": {
		"name": "𑄥𑄨𑄃𑄬𑄛𑄴𑄛𑄨 𑄜𑄳𑄢𑄳𑄠𑄋𑄳𑄇𑄴",
		"symbol": "CFPF"
	},
	"SGD": {
		"name": "𑄥𑄨𑄁𑄉𑄛𑄪𑄢𑄴 𑄓𑄧𑄣𑄢𑄴"
	},
	"SLL": {
		"name": "𑄥𑄨𑄠𑄬𑄢𑄣𑄨𑄠𑄧𑄚𑄴 𑄣𑄨𑄠𑄧𑄚𑄴"
	},
	"SYP": {
		"name": "𑄥𑄨𑄢𑄨𑄠𑄚𑄴 𑄛𑄃𑄪𑄚𑄳𑄓𑄴"
	},
	"SDG": {
		"name": "𑄥𑄪𑄘𑄚𑄨 𑄛𑄃𑄪𑄚𑄳𑄓𑄴"
	},
	"SRD": {
		"name": "𑄥𑄪𑄢𑄨𑄚𑄟𑄴 𑄓𑄧𑄣𑄢𑄴"
	},
	"SHP": {
		"name": "𑄥𑄬𑄚𑄳𑄑𑄴 𑄦𑄬𑄣𑄬𑄚 𑄛𑄃𑄪𑄚𑄳𑄓𑄴"
	},
	"SCR": {
		"name": "𑄥𑄬𑄠𑄧𑄥𑄬𑄣𑄴𑄣𑄮𑄃𑄨𑄌𑄴 𑄢𑄪𑄛𑄨"
	},
	"SEK": {
		"name": "𑄥𑄭𑄪𑄓𑄨𑄥𑄴 𑄇𑄳𑄢𑄮𑄚"
	},
	"CHF": {
		"name": "𑄥𑄭𑄪𑄥𑄴 𑄜𑄳𑄢𑄀"
	},
	"SOS": {
		"name": "𑄥𑄮𑄟𑄣𑄨 𑄥𑄨𑄣𑄨𑄁"
	},
	"SZL": {
		"name": "𑄥𑄮𑄠𑄎𑄨𑄣𑄳𑄠𑄚𑄳𑄓𑄴 𑄣𑄨𑄣𑄋𑄴𑄉𑄬𑄚𑄨"
	},
	"SAR": {
		"name": "𑄥𑄯𑄘𑄨 𑄢𑄨𑄠𑄣𑄴"
	},
	"LKR": {
		"name": "𑄥𑄳𑄢𑄨𑄣𑄧𑄁𑄇𑄚𑄴 𑄢𑄪𑄛𑄨"
	},
	"HUF": {
		"name": "𑄦𑄋𑄴𑄉𑄬𑄢𑄨𑄠𑄚𑄴 𑄜𑄮𑄢𑄨𑄚𑄳𑄑𑄴"
	},
	"HKD": {
		"name": "𑄦𑄧𑄁𑄇𑄧𑄁 𑄓𑄧𑄣𑄢𑄴",
		"symbol": "HK$"
	},
	"HNL": {
		"name": "𑄦𑄪𑄚𑄴𑄓𑄪𑄢𑄥𑄴 𑄣𑄬𑄟𑄴𑄛𑄨𑄢"
	},
	"HTG": {
		"name": "𑄦𑄭𑄖𑄨 𑄉𑄯𑄢𑄴𑄘𑄬"
	}
}