{
	"AFN": {
		"name": "Afgani afgano"
	},
	"MGA": {
		"name": "Ariary malgaxe"
	},
	"THB": {
		"name": "Baht tailandés",
		"symbol": "฿"
	},
	"PAB": {
		"name": "Balboa panameño"
	},
	"ETB": {
		"name": "Birr etíope"
	},
	"VEF": {
		"name": "Bolívar venezolano"
	},
	"BOB": {
		"name": "Boliviano"
	},
	"GHS": {
		"name": "Cedi de Ghana"
	},
	"CRC": {
		"name": "Colón costarriqueño"
	},
	"SVC": {
		"name": "Colón salvadoreño"
	},
	"NIO": {
		"name": "Córdoba de ouro nicaraguano"
	},
	"CZK": {
		"name": "Coroa checa"
	},
	"DKK": {
		"name": "Coroa dinamarquesa"
	},
	"ISK": {
		"name": "Coroa islandesa"
	},
	"NOK": {
		"name": "Coroa norueguesa"
	},
	"SEK": {
		"name": "Coroa sueca"
	},
	"GMD": {
		"name": "Dalasi gambiano"
	},
	"DZD": {
		"name": "Dinar alxeriano"
	},
	"BHD": {
		"name": "Dinar de Bahrain"
	},
	"IQD": {
		"name": "Dinar iraquí"
	},
	"KWD": {
		"name": "Dinar kuwaití"
	},
	"LYD": {
		"name": "Dinar libio"
	},
	"MKD": {
		"name": "Dinar macedonio"
	},
	"RSD": {
		"name": "Dinar serbio"
	},
	"TND": {
		"name": "Dinar tunisiano"
	},
	"JOD": {
		"name": "Dinar xordano"
	},
	"AED": {
		"name": "Dirham dos Emiratos Árabes Unidos"
	},
	"MAD": {
		"name": "Dirham marroquí"
	},
	"STN": {
		"name": "Dobra de São Tomé e Príncipe"
	},
	"AUD": {
		"name": "Dólar australiano",
		"symbol": "A$"
	},
	"BZD": {
		"name": "Dólar belizense"
	},
	"CAD": {
		"name": "Dólar canadense",
		"symbol": "CA$"
	},
	"BSD": {
		"name": "Dólar das Bahamas"
	},
	"BMD": {
		"name": "Dólar das Bemudas"
	},
	"KYD": {
		"name": "Dólar das Illas Caimán"
	},
	"SBD": {
		"name": "Dólar das Illas Salomón"
	},
	"BBD": {
		"name": "Dólar de Barbados"
	},
	"BND": {
		"name": "Dólar de Brunei"
	},
	"HKD": {
		"name": "Dólar de Hong Kong",
		"symbol": "HK$"
	},
	"SGD": {
		"name": "Dólar de Singapur"
	},
	"TTD": {
		"name": "Dólar de Trinidad e Tobago"
	},
	"XCD": {
		"name": "Dólar do Caribe Oriental",
		"symbol": "EC$"
	},
	"USD": {
		"name": "Dólar estadounidense",
		"symbol": "$"
	},
	"FJD": {
		"name": "Dólar fidxiano"
	},
	"GYD": {
		"name": "Dólar güianés"
	},
	"LRD": {
		"name": "Dólar liberiano"
	},
	"NAD": {
		"name": "Dólar namibio"
	},
	"NZD": {
		"name": "Dólar neozelandés",
		"symbol": "NZ$"
	},
	"SRD": {
		"name": "Dólar surinamés"
	},
	"JMD": {
		"name": "Dólar xamaicano"
	},
	"VND": {
		"name": "Dong vietnamita",
		"symbol": "₫"
	},
	"AMD": {
		"name": "Dram armenio"
	},
	"CVE": {
		"name": "Escudo caboverdiano"
	},
	"EUR": {
		"name": "Euro",
		"symbol": "€"
	},
	"ANG": {
		"name": "Florín das Antillas Neerlandesas"
	},
	"AWG": {
		"name": "Florín de Aruba"
	},
	"HUF": {
		"name": "Florín húngaro"
	},
	"BIF": {
		"name": "Franco burundiano"
	},
	"XOF": {
		"name": "Franco CFA (BCEAO)",
		"symbol": "CFA"
	},
	"XAF": {
		"name": "Franco CFA (BEAC)",
		"symbol": "FCFA"
	},
	"XPF": {
		"name": "Franco CFP",
		"symbol": "CFPF"
	},
	"KMF": {
		"name": "Franco comoriano"
	},
	"CDF": {
		"name": "Franco congolés"
	},
	"GNF": {
		"name": "Franco guineano"
	},
	"RWF": {
		"name": "Franco ruandés"
	},
	"CHF": {
		"name": "Franco suízo"
	},
	"DJF": {
		"name": "Franco xibutiano"
	},
	"HTG": {
		"name": "Gourde haitiano"
	},
	"PYG": {
		"name": "Guaraní paraguaio"
	},
	"UAH": {
		"name": "Hrivna ucraína"
	},
	"JPY": {
		"name": "Ien xaponés",
		"symbol": "JP¥"
	},
	"CNY": {
		"name": "Iuán chinés",
		"symbol": "CN¥"
	},
	"PGK": {
		"name": "Kina de Papúa-Nova Guinea"
	},
	"LAK": {
		"name": "Kip laosiano"
	},
	"HRK": {
		"name": "Kuna croata"
	},
	"MWK": {
		"name": "Kwacha de Malaui"
	},
	"ZMW": {
		"name": "Kwacha zambiano"
	},
	"AOA": {
		"name": "Kwanza angolano"
	},
	"MMK": {
		"name": "Kyat birmano"
	},
	"GEL": {
		"name": "Lari xeorxiano"
	},
	"ALL": {
		"name": "Lek albanés"
	},
	"HNL": {
		"name": "Lempira hondureño"
	},
	"SLL": {
		"name": "Leone de Serra Leoa"
	},
	"MDL": {
		"name": "Leu moldavo"
	},
	"RON": {
		"name": "Leu romanés"
	},
	"BGN": {
		"name": "Lev búlgaro"
	},
	"FKP": {
		"name": "Libra das Malvinas"
	},
	"SHP": {
		"name": "Libra de Santa Helena"
	},
	"GBP": {
		"name": "Libra esterlina",
		"symbol": "£"
	},
	"EGP": {
		"name": "Libra exipcia"
	},
	"LBP": {
		"name": "Libra libanesa"
	},
	"SYP": {
		"name": "Libra siria"
	},
	"SDG": {
		"name": "Libra sudanesa"
	},
	"SSP": {
		"name": "Libra sursudanesa"
	},
	"GIP": {
		"name": "libra xibraltareña"
	},
	"SZL": {
		"name": "Lilangeni de Suacilandia"
	},
	"TRY": {
		"name": "Lira turca"
	},
	"LSL": {
		"name": "Loti de Lesoto"
	},
	"AZN": {
		"name": "Manat acerbaixano"
	},
	"TMT": {
		"name": "Manat turcomán"
	},
	"BAM": {
		"name": "Marco convertible de Bosnia e Hercegovina"
	},
	"MZN": {
		"name": "Metical de Mozambique"
	},
	"NGN": {
		"name": "Naira nixeriano"
	},
	"ERN": {
		"name": "Nakfa eritreo"
	},
	"BTN": {
		"name": "Ngultrum butanés"
	},
	"TWD": {
		"name": "Novo dólar taiwanés",
		"symbol": "NT$"
	},
	"ILS": {
		"name": "Novo shequel israelí",
		"symbol": "₪"
	},
	"MRU": {
		"name": "Ouguiya mauritano"
	},
	"TOP": {
		"name": "Paʻanga de Tonga"
	},
	"MOP": {
		"name": "Pataca de Macau"
	},
	"ARS": {
		"name": "Peso arxentino"
	},
	"CLP": {
		"name": "Peso chileno"
	},
	"COP": {
		"name": "Peso colombiano"
	},
	"CUP": {
		"name": "Peso cubano"
	},
	"CUC": {
		"name": "Peso cubano convertible"
	},
	"DOP": {
		"name": "Peso dominicano"
	},
	"PHP": {
		"name": "Peso filipino"
	},
	"MXN": {
		"name": "Peso mexicano",
		"symbol": "$MX"
	},
	"UYU": {
		"name": "Peso uruguaio"
	},
	"BWP": {
		"name": "Pula botsuaniano"
	},
	"GTQ": {
		"name": "Quetzal guatemalteco"
	},
	"ZAR": {
		"name": "Rand surafricano"
	},
	"BRL": {
		"name": "Real brasileiro",
		"symbol": "R$"
	},
	"YER": {
		"name": "Rial iemení"
	},
	"IRR": {
		"name": "Rial iraniano"
	},
	"OMR": {
		"name": "Rial omaní"
	},
	"QAR": {
		"name": "Rial qatarí"
	},
	"SAR": {
		"name": "Rial saudita"
	},
	"KHR": {
		"name": "Riel camboxano"
	},
	"MYR": {
		"name": "Ringgit malaio"
	},
	"BYN": {
		"name": "Rublo bielorruso"
	},
	"RUB": {
		"name": "Rublo ruso"
	},
	"SCR": {
		"name": "Rupia de Seixeles"
	},
	"LKR": {
		"name": "Rupia de Sri Lanka"
	},
	"INR": {
		"name": "Rupia india",
		"symbol": "₹"
	},
	"IDR": {
		"name": "Rupia indonesia"
	},
	"MVR": {
		"name": "Rupia maldivana"
	},
	"MUR": {
		"name": "Rupia mauriciana"
	},
	"NPR": {
		"name": "Rupia nepalesa"
	},
	"PKR": {
		"name": "Rupia paquistaní"
	},
	"PEN": {
		"name": "Sol peruano"
	},
	"KGS": {
		"name": "Som quirguicistano"
	},
	"UZS": {
		"name": "Som usbeco"
	},
	"TJS": {
		"name": "Somoni taxiquistano"
	},
	"BDT": {
		"name": "Taka de Bangladés"
	},
	"WST": {
		"name": "Tala samoano"
	},
	"KZT": {
		"name": "Tenge casaco"
	},
	"MNT": {
		"name": "Tugrik mongol"
	},
	"VUV": {
		"name": "Vatu vanuatiano"
	},
	"KPW": {
		"name": "Won norcoreano"
	},
	"KRW": {
		"name": "Won surcoreano",
		"symbol": "₩"
	},
	"KES": {
		"name": "Xilin kenyano"
	},
	"SOS": {
		"name": "Xilin somalí"
	},
	"TZS": {
		"name": "Xilin tanzano"
	},
	"UGX": {
		"name": "Xilin ugandés"
	},
	"ZWL": {
		"name": "Zimbabwean Dollar (2009)"
	},
	"PLN": {
		"name": "Zloty polaco"
	}
}