{
	"XPF": {
		"name": "[CFP] ಫ್ರಾಂಕ್",
		"symbol": "CFPF"
	},
	"AOA": {
		"name": "ಅಂಗೋಲಾದ ಕ್ವಾನ್ಝಾ"
	},
	"AZN": {
		"name": "ಅಝರ್‌ಬೈಜಾನಿ ಮನಾತ್"
	},
	"AFN": {
		"name": "ಅಫ್‌ಘನ್ ಅಫಘಾನಿ"
	},
	"USD": {
		"name": "ಅಮೆರಿಕದ ಡಾಲರ್‌",
		"symbol": "$"
	},
	"AWG": {
		"name": "ಅರುಬನ್ ಫ್ಲೊರೀನ್‌‌"
	},
	"ARS": {
		"name": "ಅರ್ಜೆಂಟಿನಾ ಪೆಸೊ"
	},
	"AMD": {
		"name": "ಅರ್ಮೆನಿಯನ್ ಡ್ರಾಮ್"
	},
	"DZD": {
		"name": "ಅಲ್ಗೇರಿಯನ್ ದಿನಾರ್"
	},
	"ALL": {
		"name": "ಅಲ್‌ಬೇನಿಯನ್ ಲೆಕ್"
	},
	"AUD": {
		"name": "ಆಸ್ಟ್ರೇಲಿಯನ್ ಡಾಲರ್‌",
		"symbol": "A$"
	},
	"IDR": {
		"name": "ಇಂಡೊನೇಷ್ಯಾ ರುಪೈ"
	},
	"ETB": {
		"name": "ಇಥಿಯೋಪಿಯನ್ ಬಿರ್"
	},
	"IQD": {
		"name": "ಇರಾಕಿಯನ್ ದಿನಾರ್‌"
	},
	"IRR": {
		"name": "ಇರಾನಿಯನ್ ರಿಯಲ್"
	},
	"ILS": {
		"name": "ಇಸ್ರೇಲಿ ನ್ಯೂ ಶೇಖಲ್",
		"symbol": "₪"
	},
	"EGP": {
		"name": "ಈಜಿಪ್ಷಿಯನ್ ಪೌಂಡ್‍"
	},
	"UAH": {
		"name": "ಉಕ್ರೇನಿಯನ್ ಹ್ರಿವ್ನೀಯ"
	},
	"UGX": {
		"name": "ಉಗಾಂಡನ್ ಶಿಲ್ಲಿಂಗ್"
	},
	"UZS": {
		"name": "ಉಜ್ಬೇಕಿಸ್ತಾನ್ ಸೊಮ್"
	},
	"KPW": {
		"name": "ಉತ್ತರ ಕೊರಿಯನ್ ವೋನ್"
	},
	"UYU": {
		"name": "ಉರುಗ್ವೆಯ ಪೆಸೊ"
	},
	"ERN": {
		"name": "ಎರಿತ್ರಿಯನ್ ನಕ್ಫಾ"
	},
	"ISK": {
		"name": "ಐಸ್‌ಲ್ಯಾಂಡಿಕ್ ಕ್ರೋನಾ"
	},
	"OMR": {
		"name": "ಒಮಾನಿ ರಿಯಲ್"
	},
	"KZT": {
		"name": "ಕಜಾಕಿಸ್ತಾನಿ ತೆಂಗೆ"
	},
	"CDF": {
		"name": "ಕಾಂಗೋಲೀಸ್ ಫ್ರಾಂಕ್"
	},
	"KHR": {
		"name": "ಕಾಂಬೋಡಿಯನ್ ರಿಯಲ್"
	},
	"KGS": {
		"name": "ಕಿರ್ಗಿಸ್ತಾನಿ ಸೋಮ್"
	},
	"KES": {
		"name": "ಕೀನ್ಯಾದ ಶಿಲ್ಲಿಂಗ್‌"
	},
	"KWD": {
		"name": "ಕುವೈತೀ ದಿನಾರ್"
	},
	"CAD": {
		"name": "ಕೆನಡಾದ ಡಾಲರ್",
		"symbol": "CA$"
	},
	"KYD": {
		"name": "ಕೆಮ್ಯಾನ್‌ ಐಲ್ಯಾಂಡ್‌ನ ಡಾಲರ್‌"
	},
	"CVE": {
		"name": "ಕೇಪ್ ವರ್ಡಿನ್ ಎಸ್‌ಕೂಡೊ"
	},
	"KMF": {
		"name": "ಕೊಮೊರಿಯನ್ ಫ್ರಾಂಕ್"
	},
	"COP": {
		"name": "ಕೊಲೊಂಬಿಯೋದ ಪೆಸೊ"
	},
	"CRC": {
		"name": "ಕೋಸ್ಟ ರಿಕನ್ ಕೊಲನ್"
	},
	"CUC": {
		"name": "ಕ್ಯುಬಾದ ಪರಿವರ್ತನೀಯ ಪೆಸೊ"
	},
	"CUP": {
		"name": "ಕ್ಯೂಬಾದ ಪೆಸೊ"
	},
	"HRK": {
		"name": "ಕ್ರೊಯೆಷ್ಯಾದ ಕೂನಾ"
	},
	"QAR": {
		"name": "ಖತಾರಿ ರಿಯಲ್"
	},
	"GNF": {
		"name": "ಗಿನಿಯನ್ ಫ್ರಾಂಕ್"
	},
	"GIP": {
		"name": "ಗಿಬ್ರಾಲ್ಟರ್ ಪೌಂಡ್"
	},
	"GYD": {
		"name": "ಗುಯಾನೀಸ್‌ ಡಾಲರ್‌"
	},
	"GMD": {
		"name": "ಗ್ಯಾಂಬಿಯಾದ ದಲಾಸಿ"
	},
	"GTQ": {
		"name": "ಗ್ವಾಟೆಮಾಲಾದ ಕುಯಿಟ್ಸಲ್‌‌"
	},
	"GHS": {
		"name": "ಘಾನಾದ ಸೆದಿ"
	},
	"CLP": {
		"name": "ಚಿಲಿಯ ಪೆಸೊ"
	},
	"CNY": {
		"name": "ಚೈನೀಸ್ ಯುವಾನ್",
		"symbol": "CN¥"
	},
	"JPY": {
		"name": "ಜಪಾನೀಸ್ ಯೆನ್",
		"symbol": "JP¥"
	},
	"JMD": {
		"name": "ಜಮೈಕನ್ ಡಾಲರ್"
	},
	"ZMW": {
		"name": "ಜಾಂಬಿಯಾ ಕ್ವಾಚ"
	},
	"GEL": {
		"name": "ಜಾರ್ಜಿಯಾದ ಲಾರಿ"
	},
	"DJF": {
		"name": "ಜಿಬೊಟಿಯನ್ ಫ್ರಾಂಕ್"
	},
	"JOD": {
		"name": "ಜೋರ್ಡಾನಿಯನ್ ದಿನಾರ್"
	},
	"CZK": {
		"name": "ಝೆಕ್ ಗಣರಾಜ್ಯ ಕೊರೂನ"
	},
	"TRY": {
		"name": "ಟರ್ಕಿಶ್ ಲಿರಾ"
	},
	"TMT": {
		"name": "ಟರ್ಕ್‍ಮೆನಿಸ್ತಾನ್ ಮನಾತ್"
	},
	"TOP": {
		"name": "ಟೊಂಗಾ ಪಾಂಗ"
	},
	"TND": {
		"name": "ಟ್ಯುನೀಷಿಯನ್‌ ದಿನಾರ್"
	},
	"TTD": {
		"name": "ಟ್ರಿನಿಡಾಡ್ ಮತ್ತು ಟೊಬಾಗೊ ಡಾಲರ್"
	},
	"DOP": {
		"name": "ಡೊಮಿನಿಕನ್ ಪೆಸೊ"
	},
	"DKK": {
		"name": "ಡ್ಯಾನಿಶ್ ಕ್ರೋನ್"
	},
	"TJS": {
		"name": "ತಜಕಿಸ್ತಾನಿ ಸೊಮೋನಿ"
	},
	"TZS": {
		"name": "ತಾನ್‌ಜೇನಿಯನ್ ಶಿಲ್ಲಿಂಗ್"
	},
	"THB": {
		"name": "ಥಾಯ್ ಬಹ್ತ್",
		"symbol": "฿"
	},
	"ZAR": {
		"name": "ದಕ್ಷಿಣ ಆಫ್ರಿಕನ್ ರಾಂಡ್"
	},
	"KRW": {
		"name": "ದಕ್ಷಿಣ ಕೊರಿಯನ್ ವೊನ್",
		"symbol": "₩"
	},
	"SSP": {
		"name": "ದಕ್ಷಿಣ ಸೂಡಾನೀಸ್ ಪೌಂಡ್‍"
	},
	"NAD": {
		"name": "ನಮೀಬಿಯನ್ ಡಾಲರ್"
	},
	"NOK": {
		"name": "ನಾರ್ವೇಯ ಕ್ರೋನ್"
	},
	"NIO": {
		"name": "ನಿಕಾರಗ್ವಾದ ಕರ್ದೊಬಾ"
	},
	"ANG": {
		"name": "ನೆದರ್ಲೆಂಡ್ಸ್ ಆಂಟಿಲಿಯನ್ ಗಿಲ್ಡರ್"
	},
	"NPR": {
		"name": "ನೇಪಾಳದ ರುಪೀ"
	},
	"NGN": {
		"name": "ನೈಜೀರಿಯಾದ ನೇರಾ"
	},
	"TWD": {
		"name": "ನ್ಯೂ ತೈವಾನ್ ಡಾಲರ್",
		"symbol": "NT$"
	},
	"NZD": {
		"name": "ನ್ಯೂಜಿಲ್ಯಾಂಡ್ ಡಾಲರ್",
		"symbol": "NZ$"
	},
	"PAB": {
		"name": "ಪನಾಮಾನಿಯನ್ ಬಲ್ಬೋವಾ"
	},
	"PGK": {
		"name": "ಪಪುವಾ ನ್ಯೂ ಗಿನಿಯನ್ ಕಿನಾ"
	},
	"XOF": {
		"name": "ಪಶ್ಚಿಮ ಆಫ್ರಿಕಾದ [CFA] ಫ್ರಾಂಕ್",
		"symbol": "CFA"
	},
	"PKR": {
		"name": "ಪಾಕಿಸ್ತಾನದ ರುಪೀ"
	},
	"XCD": {
		"name": "ಪೂರ್ವ ಕೆರೀಬಿಯನ್ ಡಾಲರ್",
		"symbol": "EC$"
	},
	"PYG": {
		"name": "ಪೆರುಗ್ವೇಯ ಗ್ವಾರನೀ"
	},
	"PEN": {
		"name": "ಪೆರುವಿಯನ್ ಸೊಲ್"
	},
	"PLN": {
		"name": "ಪೊಲಿಶ್ ಝ್ಲೋಟಿ"
	},
	"FKP": {
		"name": "ಫಾಲ್ಕ್‌ಲ್ಯಾಂಡ್ ದ್ವೀಪಗಳ ಪೌಂಡ್"
	},
	"FJD": {
		"name": "ಫಿಜಿಯನ್ ಡಾಲರ್"
	},
	"PHP": {
		"name": "ಫಿಲಿಪ್ಪೈನ್ ಪೆಸೊ"
	},
	"BBD": {
		"name": "ಬರ್ಬಾಡಿಯನ್ ಡಾಲರ್"
	},
	"BMD": {
		"name": "ಬರ್ಮುಡನ್ ಡಾಲರ್"
	},
	"BGN": {
		"name": "ಬಲ್ಗೇರಿಯನ್ ಲೆವ್"
	},
	"BSD": {
		"name": "ಬಹಾಮಿಯನ್ ಡಾಲರ್"
	},
	"BHD": {
		"name": "ಬಹ್‌‌ರೈನಿ ದಿನಾರ್"
	},
	"BDT": {
		"name": "ಬಾಂಗ್ಲಾದೇಶದ ಟಾಕಾ"
	},
	"BIF": {
		"name": "ಬುರುಂದಿಯನ್ ಫ್ರಾಂಕ್"
	},
	"BYN": {
		"name": "ಬೆಲಾರುಸಿಯನ್ ರೂಬಲ್"
	},
	"BZD": {
		"name": "ಬೆಲೀಜ್ ಡಾಲರ್"
	},
	"BOB": {
		"name": "ಬೊಲಿವಿಯಾದ ಬೊಲಿವಿಯಾನೊ"
	},
	"BWP": {
		"name": "ಬೋಟ್ಸ್‌ವಾನನ್ ಪುಲಾ"
	},
	"BAM": {
		"name": "ಬೋಸ್ನಿಯಾ-ಹರ್ಜ್‌ಗೋವಿನ ಪರಿವರ್ತನೀಯ ಗುರುತು"
	},
	"GBP": {
		"name": "ಬ್ರಿಟೀಷ್ ಪೌಂಡ್",
		"symbol": "£"
	},
	"BND": {
		"name": "ಬ್ರೂನಿ ಡಾಲರ್"
	},
	"BRL": {
		"name": "ಬ್ರೆಜಿಲಿಯನ್‌ ರಿಯಲ್",
		"symbol": "R$"
	},
	"INR": {
		"name": "ಭಾರತೀಯ ರೂಪಾಯಿ",
		"symbol": "₹"
	},
	"BTN": {
		"name": "ಭೂತಾನೀಸ್ ನುಲ್ತರಮ್"
	},
	"MNT": {
		"name": "ಮಂಗೋಲಿಯಾದ ತುಗ್ರಿಕ್‌‌"
	},
	"MOP": {
		"name": "ಮಕ್ಯೂದ ಪಟಕಾ"
	},
	"XAF": {
		"name": "ಮಧ್ಯ ಆಫ್ರಿಕನ್ CFA ಫ್ರಾಂಕ್",
		"symbol": "FCFA"
	},
	"MGA": {
		"name": "ಮಲಗಾಸಿ ಅರಿಯಾರಿ"
	},
	"MWK": {
		"name": "ಮಲಾವಿಯ ಕ್ವಾಚ"
	},
	"MYR": {
		"name": "ಮಲೇಶಿಯನ್ ರಿಂಗಿಟ್ಟ್"
	},
	"MDL": {
		"name": "ಮಲ್ದೋವಾದ ಲೆವೂ"
	},
	"MUR": {
		"name": "ಮಾರಿಷಿಯನ್ ರುಪಿ"
	},
	"MVR": {
		"name": "ಮಾಲ್ಡೀವಿಯನ್ ರುಫಿಯಾ"
	},
	"MXN": {
		"name": "ಮೆಕ್ಸಿಕೊದ ಪೆಸೊ",
		"symbol": "MX$"
	},
	"MKD": {
		"name": "ಮೆಸಡೋನಿಯನ್ ದಿನಾರ್"
	},
	"MZN": {
		"name": "ಮೊಝಾಂಬಿಕನ್ ಮೆಟಿಕಲ್"
	},
	"MAD": {
		"name": "ಮೊರೊಕನ್ ದಿರ್‌ಹಮ್"
	},
	"MRU": {
		"name": "ಮೌರೀಶಿಯನಿಯನ್ ಒಗಿಯ"
	},
	"MMK": {
		"name": "ಮ್ಯಾನ್ಮಾರ್ ಕ್ಯಾಟ್"
	},
	"EUR": {
		"name": "ಯೂರೊ",
		"symbol": "€"
	},
	"YER": {
		"name": "ಯೆಮೆನಿ ರಿಯಲ್"
	},
	"RUB": {
		"name": "ರಶಿಯನ್ ರೂಬಲ್"
	},
	"RWF": {
		"name": "ರುವಾಂಡನ್ ಫ್ರಾಂಕ್"
	},
	"RON": {
		"name": "ರೊಮೇನಿಯನ್ ಲೆವು"
	},
	"LYD": {
		"name": "ಲಿಬಿಯಾದ ದಿನಾರ್‌"
	},
	"LRD": {
		"name": "ಲಿಬೇರಿಯನ್ ಡಾಲರ್"
	},
	"LBP": {
		"name": "ಲೆಬೆನೀಸ್ ಪೌಂಡ್"
	},
	"LSL": {
		"name": "ಲೆಸೊತೊ ಲೊತಿ"
	},
	"LAK": {
		"name": "ಲೋಟಿಯನ್ ಕಿಪ್"
	},
	"VUV": {
		"name": "ವನೂತು ವತು"
	},
	"VND": {
		"name": "ವಿಯೆಟ್ನಾಮೀಸ್ ಡಾಂಗ್",
		"symbol": "₫"
	},
	"VEF": {
		"name": "ವೆನಿಜುಲಿಯನ್ ಬೊಲಿವರ್"
	},
	"LKR": {
		"name": "ಶ್ರೀಲಂಕಾದ ರುಪೀ"
	},
	"AED": {
		"name": "ಸಂಯುಕ್ತ ಅರಬ್‌ ಎಮಿರೇಟ್‌‌ಗಳ ದಿರಾಮ್‌‌"
	},
	"WST": {
		"name": "ಸಮೋನ್ ತಲಾ"
	},
	"STN": {
		"name": "ಸಾವೊ ಟೋಮ್ ಮತ್ತು ಪ್ರಿನ್ಸಿಪ್ ದೊಬ್ರಾ"
	},
	"SGD": {
		"name": "ಸಿಂಗಾಪುರ್ ಡಾಲರ್‌"
	},
	"SLL": {
		"name": "ಸಿಯೆರಾ ಲಿಯೋನಿಯನ್ ಲಿಯೋನ್"
	},
	"SYP": {
		"name": "ಸಿರಿಯನ್ ಪೌಂಡ್"
	},
	"SDG": {
		"name": "ಸುಡಾನೀಸ್ ಪೌಂಡ್"
	},
	"SRD": {
		"name": "ಸುರಿನಾಮೀಸ್ ಡಾಲರ್"
	},
	"SCR": {
		"name": "ಸೆಚೊಲಿಯೊಸ್ ರುಪಿ"
	},
	"RSD": {
		"name": "ಸೆರ್ಬಿಯನ್ ದಿನಾರ್"
	},
	"SHP": {
		"name": "ಸೇಂಟ್ ಹೆಲೇನಾ ಪೌಂಡ್"
	},
	"SOS": {
		"name": "ಸೊಮಾಲಿ ಶಿಲ್ಲಿಂಗ್"
	},
	"SBD": {
		"name": "ಸೊಲೊಮನ್ ದ್ವೀಪಗಳ ಡಾಲರ್"
	},
	"SAR": {
		"name": "ಸೌದಿ ರಿಯಾಲ್"
	},
	"SZL": {
		"name": "ಸ್ವಾಜಿ ಲಿಲಂಗೆನಿ"
	},
	"CHF": {
		"name": "ಸ್ವಿಸ್ ಫ್ರಾಂಕ್"
	},
	"SEK": {
		"name": "ಸ್ವೀಡಿಷ್ ಕ್ರೋನಾ"
	},
	"HUF": {
		"name": "ಹಂಗೇರಿಯನ್ ಫೋರಿಂಟ್"
	},
	"HKD": {
		"name": "ಹಾಂಗ್ ಕಾಂಗ್ ಡಾಲರ್",
		"symbol": "HK$"
	},
	"HTG": {
		"name": "ಹೈಟಿಯ ಗೋರ್ದೆ"
	},
	"HNL": {
		"name": "ಹೊಂಡುರಾನ್‌ ಲೆಂಪಿರಾ"
	},
	"SVC": {
		"name": "Salvadoran Colón"
	},
	"ZWL": {
		"name": "Zimbabwean Dollar (2009)"
	}
}