{
	"GHS": {
		"name": "가나 시디"
	},
	"GYD": {
		"name": "가이아나 달러"
	},
	"GMD": {
		"name": "감비아 달라시"
	},
	"GTQ": {
		"name": "과테말라 케트살"
	},
	"GNF": {
		"name": "기니 프랑"
	},
	"NAD": {
		"name": "나미비아 달러"
	},
	"SSP": {
		"name": "남수단 파운드"
	},
	"ZAR": {
		"name": "남아프리카 랜드"
	},
	"ANG": {
		"name": "네덜란드령 안틸레스 길더"
	},
	"NPR": {
		"name": "네팔 루피"
	},
	"NOK": {
		"name": "노르웨이 크로네"
	},
	"NZD": {
		"name": "뉴질랜드 달러",
		"symbol": "NZ$"
	},
	"NGN": {
		"name": "니제르 나이라"
	},
	"NIO": {
		"name": "니카라과 코르도바 오로"
	},
	"KRW": {
		"name": "대한민국 원",
		"symbol": "₩"
	},
	"DKK": {
		"name": "덴마크 크로네"
	},
	"DOP": {
		"name": "도미니카 페소"
	},
	"XCD": {
		"name": "동카리브 달러",
		"symbol": "EC$"
	},
	"LAK": {
		"name": "라오스 키프"
	},
	"LRD": {
		"name": "라이베리아 달러"
	},
	"RUB": {
		"name": "러시아 루블"
	},
	"LBP": {
		"name": "레바논 파운드"
	},
	"LSL": {
		"name": "레소토 로티"
	},
	"RON": {
		"name": "루마니아 레우"
	},
	"RWF": {
		"name": "르완다 프랑"
	},
	"LYD": {
		"name": "리비아 디나르"
	},
	"MGA": {
		"name": "마다가스카르 아리아리"
	},
	"MOP": {
		"name": "마카오 파타카"
	},
	"MKD": {
		"name": "마케도니아 디나르"
	},
	"MWK": {
		"name": "말라위 콰쳐"
	},
	"MYR": {
		"name": "말레이시아 링깃"
	},
	"MXN": {
		"name": "멕시코 페소",
		"symbol": "MX$"
	},
	"MAD": {
		"name": "모로코 디렘"
	},
	"MUR": {
		"name": "모리셔스 루피"
	},
	"MRU": {
		"name": "모리타니 우기야"
	},
	"MZN": {
		"name": "모잠비크 메티칼"
	},
	"MDL": {
		"name": "몰도바 레이"
	},
	"MVR": {
		"name": "몰디브 제도 루피아"
	},
	"MNT": {
		"name": "몽골 투그릭"
	},
	"USD": {
		"name": "미국 달러",
		"symbol": "US$"
	},
	"MMK": {
		"name": "미얀마 키얏"
	},
	"VUV": {
		"name": "바누아투 바투"
	},
	"BHD": {
		"name": "바레인 디나르"
	},
	"BBD": {
		"name": "바베이도스 달러"
	},
	"BSD": {
		"name": "바하마 달러"
	},
	"BDT": {
		"name": "방글라데시 타카"
	},
	"BMD": {
		"name": "버뮤다 달러"
	},
	"VEF": {
		"name": "베네수엘라 볼리바르"
	},
	"VND": {
		"name": "베트남 동",
		"symbol": "₫"
	},
	"BYN": {
		"name": "벨라루스 루블"
	},
	"BZD": {
		"name": "벨리즈 달러"
	},
	"BAM": {
		"name": "보스니아-헤르체고비나 태환 마르크"
	},
	"BWP": {
		"name": "보츠와나 폴라"
	},
	"BOB": {
		"name": "볼리비아노"
	},
	"BND": {
		"name": "부루나이 달러"
	},
	"BIF": {
		"name": "부룬디 프랑"
	},
	"BTN": {
		"name": "부탄 눌투눔"
	},
	"BGN": {
		"name": "불가리아 레프"
	},
	"BRL": {
		"name": "브라질 레알",
		"symbol": "R$"
	},
	"SAR": {
		"name": "사우디아라비아 리얄"
	},
	"STN": {
		"name": "상투메 프린시페 도브라"
	},
	"WST": {
		"name": "서 사모아 탈라"
	},
	"XOF": {
		"name": "서아프리카 CFA 프랑",
		"symbol": "CFA"
	},
	"RSD": {
		"name": "세르비아 디나르"
	},
	"SCR": {
		"name": "세이셸 루피"
	},
	"SHP": {
		"name": "세인트헬레나 파운드"
	},
	"SOS": {
		"name": "소말리아 실링"
	},
	"SBD": {
		"name": "솔로몬 제도 달러"
	},
	"SDG": {
		"name": "수단 파운드"
	},
	"SRD": {
		"name": "수리남 달러"
	},
	"LKR": {
		"name": "스리랑카 루피"
	},
	"SZL": {
		"name": "스와질란드 릴랑게니"
	},
	"SEK": {
		"name": "스웨덴 크로나"
	},
	"CHF": {
		"name": "스위스 프랑"
	},
	"SYP": {
		"name": "시리아 파운드"
	},
	"SLL": {
		"name": "시에라리온 리온"
	},
	"TWD": {
		"name": "신 타이완 달러",
		"symbol": "NT$"
	},
	"TRY": {
		"name": "신 터키 리라"
	},
	"SGD": {
		"name": "싱가폴 달러"
	},
	"AED": {
		"name": "아랍에미리트 디르함"
	},
	"AWG": {
		"name": "아루바 플로린"
	},
	"AMD": {
		"name": "아르메니아 드람"
	},
	"ARS": {
		"name": "아르헨티나 페소"
	},
	"ISK": {
		"name": "아이슬란드 크로나"
	},
	"AZN": {
		"name": "아제르바이잔 마나트"
	},
	"AFN": {
		"name": "아프가니스탄 아프가니"
	},
	"ALL": {
		"name": "알바니아 레크"
	},
	"DZD": {
		"name": "알제리 디나르"
	},
	"AOA": {
		"name": "앙골라 콴자"
	},
	"ERN": {
		"name": "에리트리아 나크파"
	},
	"ETB": {
		"name": "에티오피아 비르"
	},
	"SVC": {
		"name": "엘살바도르 콜론"
	},
	"YER": {
		"name": "예멘 리알"
	},
	"OMR": {
		"name": "오만 리얄"
	},
	"HNL": {
		"name": "온두라스 렘피라"
	},
	"JOD": {
		"name": "요르단 디나르"
	},
	"UGX": {
		"name": "우간다 실링"
	},
	"UYU": {
		"name": "우루과이 페소 우루과요"
	},
	"UZS": {
		"name": "우즈베키스탄 숨"
	},
	"UAH": {
		"name": "우크라이나 그리브나"
	},
	"EUR": {
		"name": "유로",
		"symbol": "€"
	},
	"IQD": {
		"name": "이라크 디나르"
	},
	"IRR": {
		"name": "이란 리얄"
	},
	"ILS": {
		"name": "이스라엘 신권 세켈",
		"symbol": "₪"
	},
	"EGP": {
		"name": "이집트 파운드"
	},
	"INR": {
		"name": "인도 루피",
		"symbol": "₹"
	},
	"IDR": {
		"name": "인도네시아 루피아"
	},
	"JPY": {
		"name": "일본 엔화",
		"symbol": "JP¥"
	},
	"JMD": {
		"name": "자메이카 달러"
	},
	"ZMW": {
		"name": "잠비아 콰쳐"
	},
	"KPW": {
		"name": "조선 민주주의 인민 공화국 원"
	},
	"GEL": {
		"name": "조지아 라리"
	},
	"CNY": {
		"name": "중국 위안화",
		"symbol": "CN¥"
	},
	"XAF": {
		"name": "중앙아프리카 CFA 프랑",
		"symbol": "FCFA"
	},
	"DJF": {
		"name": "지부티 프랑"
	},
	"GIP": {
		"name": "지브롤터 파운드"
	},
	"ZWL": {
		"name": "짐바브웨 달러 (2009)"
	},
	"CZK": {
		"name": "체코 공화국 코루나"
	},
	"CLP": {
		"name": "칠레 페소"
	},
	"CVE": {
		"name": "카보베르데 에스쿠도"
	},
	"KZT": {
		"name": "카자흐스탄 텐게"
	},
	"QAR": {
		"name": "카타르 리얄"
	},
	"KHR": {
		"name": "캄보디아 리얄"
	},
	"CAD": {
		"name": "캐나다 달러",
		"symbol": "CA$"
	},
	"KES": {
		"name": "케냐 실링"
	},
	"KYD": {
		"name": "케이맨 제도 달러"
	},
	"KMF": {
		"name": "코모르 프랑"
	},
	"CRC": {
		"name": "코스타리카 콜론"
	},
	"COP": {
		"name": "콜롬비아 페소"
	},
	"CDF": {
		"name": "콩고 프랑 콩골라스"
	},
	"CUC": {
		"name": "쿠바 태환 페소"
	},
	"CUP": {
		"name": "쿠바 페소"
	},
	"KWD": {
		"name": "쿠웨이트 디나르"
	},
	"HRK": {
		"name": "크로아티아 쿠나"
	},
	"KGS": {
		"name": "키르기스스탄 솜"
	},
	"TJS": {
		"name": "타지키스탄 소모니"
	},
	"TZS": {
		"name": "탄자니아 실링"
	},
	"THB": {
		"name": "태국 바트"
	},
	"TOP": {
		"name": "통가 파앙가"
	},
	"TMT": {
		"name": "투르크메니스탄 마나트"
	},
	"TND": {
		"name": "튀니지 디나르"
	},
	"TTD": {
		"name": "트리니다드 토바고 달러"
	},
	"PAB": {
		"name": "파나마 발보아"
	},
	"PYG": {
		"name": "파라과이 과라니"
	},
	"GBP": {
		"name": "파운드",
		"symbol": "£"
	},
	"PKR": {
		"name": "파키스탄 루피"
	},
	"PGK": {
		"name": "파푸아뉴기니 키나"
	},
	"PEN": {
		"name": "페루 솔"
	},
	"FKP": {
		"name": "포클랜드제도 파운드"
	},
	"PLN": {
		"name": "폴란드 즐로티"
	},
	"FJD": {
		"name": "피지 달러"
	},
	"PHP": {
		"name": "필리핀 페소"
	},
	"HTG": {
		"name": "하이티 구르드"
	},
	"HUF": {
		"name": "헝가리 포린트"
	},
	"AUD": {
		"name": "호주 달러",
		"symbol": "AU$"
	},
	"HKD": {
		"name": "홍콩 달러",
		"symbol": "HK$"
	},
	"XPF": {
		"name": "CFP 프랑",
		"symbol": "CFPF"
	}
}