{
	"AUD": {
		"name": "австрали доллар",
		"symbol": "A$"
	},
	"AZN": {
		"name": "азербайжаны манат"
	},
	"ALL": {
		"name": "албанийн лек"
	},
	"DZD": {
		"name": "алжир доллар"
	},
	"USD": {
		"name": "америк доллар",
		"symbol": "$"
	},
	"AOA": {
		"name": "ангол кванза"
	},
	"AED": {
		"name": "арабын нэгдсэн эмиратын дирхам"
	},
	"ARS": {
		"name": "аргентин песо"
	},
	"AMD": {
		"name": "арменийн драм"
	},
	"AWG": {
		"name": "арубын флорин"
	},
	"AFN": {
		"name": "афганистан афгани"
	},
	"BSD": {
		"name": "багам доллар"
	},
	"NPR": {
		"name": "балба рупи"
	},
	"BDT": {
		"name": "бангладеш така"
	},
	"BBD": {
		"name": "барбадос доллар"
	},
	"XOF": {
		"name": "баруун африкийн франк",
		"symbol": "CFA"
	},
	"BHD": {
		"name": "бахрейн динар"
	},
	"BYN": {
		"name": "беларусь рубль"
	},
	"BZD": {
		"name": "белиз доллар"
	},
	"BMD": {
		"name": "бермуд доллар"
	},
	"BGN": {
		"name": "болгарын лев"
	},
	"BOB": {
		"name": "боливи боливиано"
	},
	"BAM": {
		"name": "босни-герцеговин хөрвөгч марк"
	},
	"BWP": {
		"name": "ботсвани пула"
	},
	"BRL": {
		"name": "бразилийн рил",
		"symbol": "R$"
	},
	"GBP": {
		"name": "британийн фунт",
		"symbol": "£"
	},
	"BND": {
		"name": "бруней доллар"
	},
	"BIF": {
		"name": "бурунд франк"
	},
	"BTN": {
		"name": "бутаны нгултрум"
	},
	"VUV": {
		"name": "вануатугийн вату"
	},
	"VEF": {
		"name": "венесуэлийн боливар"
	},
	"VND": {
		"name": "вьетнамын донг",
		"symbol": "₫"
	},
	"HTG": {
		"name": "гаитийн гоурд"
	},
	"GYD": {
		"name": "гайана доллар"
	},
	"GMD": {
		"name": "гамби даласи"
	},
	"GHS": {
		"name": "гана седи"
	},
	"GTQ": {
		"name": "гватемалын кецал"
	},
	"GNF": {
		"name": "гвиней франк"
	},
	"GIP": {
		"name": "гибралтар паунд"
	},
	"HNL": {
		"name": "гондурасын лемпира"
	},
	"GEL": {
		"name": "гүржийн лари"
	},
	"DKK": {
		"name": "данийн крон"
	},
	"DOP": {
		"name": "доминиканы песо"
	},
	"EUR": {
		"name": "евро",
		"symbol": "€"
	},
	"EGP": {
		"name": "египет паунд"
	},
	"DJF": {
		"name": "жибоути франк"
	},
	"ZMW": {
		"name": "замби квача"
	},
	"XCD": {
		"name": "зүүн карибийн доллар",
		"symbol": "EC$"
	},
	"ILS": {
		"name": "израилийн шинэ шекел",
		"symbol": "₪"
	},
	"IDR": {
		"name": "индонези рупи"
	},
	"IQD": {
		"name": "ирак динар"
	},
	"IRR": {
		"name": "иран риал"
	},
	"ISK": {
		"name": "исландын крон"
	},
	"YER": {
		"name": "йемен риал"
	},
	"JOD": {
		"name": "йордан динар"
	},
	"CVE": {
		"name": "кабо-верде эскудо"
	},
	"KZT": {
		"name": "казахын тэнгэ"
	},
	"KYD": {
		"name": "кайман арлын доллар"
	},
	"KHR": {
		"name": "камбож риел"
	},
	"CAD": {
		"name": "канад доллар",
		"symbol": "CA$"
	},
	"QAR": {
		"name": "катар риал"
	},
	"KES": {
		"name": "кени шиллинг"
	},
	"COP": {
		"name": "колумбын песо"
	},
	"KMF": {
		"name": "комор франк"
	},
	"CDF": {
		"name": "конго франк"
	},
	"CRC": {
		"name": "коста рикагийн колон"
	},
	"CUP": {
		"name": "кубын песо"
	},
	"CUC": {
		"name": "кубын хөрвөгч песо"
	},
	"KWD": {
		"name": "кувейт динар"
	},
	"KGS": {
		"name": "кыргыз сом"
	},
	"LAK": {
		"name": "лаосын кип"
	},
	"LRD": {
		"name": "либери доллар"
	},
	"LBP": {
		"name": "ливан паунд"
	},
	"LYD": {
		"name": "ливи доллар"
	},
	"MRU": {
		"name": "мавритан угия"
	},
	"MUR": {
		"name": "мавритын рупи"
	},
	"MOP": {
		"name": "макаогийн патака"
	},
	"MKD": {
		"name": "македони динар"
	},
	"MWK": {
		"name": "малави квача"
	},
	"MYR": {
		"name": "малайзын рингит"
	},
	"MGA": {
		"name": "малайн ариари"
	},
	"MVR": {
		"name": "мальдив руфия"
	},
	"MAD": {
		"name": "мароккогийн дирхам"
	},
	"MXN": {
		"name": "мексикийн песо",
		"symbol": "MX$"
	},
	"MZN": {
		"name": "мозамбик метикал"
	},
	"MDL": {
		"name": "молдавын леу"
	},
	"MMK": {
		"name": "мьянмарын киат"
	},
	"NAD": {
		"name": "намиби доллар"
	},
	"NGN": {
		"name": "нигери найра"
	},
	"ANG": {
		"name": "нидерландын антиллъя гулдер"
	},
	"NIO": {
		"name": "никарагуагийн кордоба"
	},
	"NOK": {
		"name": "норвегийн крон"
	},
	"OMR": {
		"name": "омани риал"
	},
	"RUB": {
		"name": "орос рубль"
	},
	"ZAR": {
		"name": "өмнөд африкийн ранд"
	},
	"KRW": {
		"name": "өмнөд солонгос вон",
		"symbol": "₩"
	},
	"SSP": {
		"name": "өмнөд судан паунд"
	},
	"PKR": {
		"name": "пакистан рупи"
	},
	"PAB": {
		"name": "панамын бальбоа"
	},
	"PGK": {
		"name": "папуа-шинэ гвинейн кина"
	},
	"PYG": {
		"name": "парагвайн гуарани"
	},
	"PEN": {
		"name": "перугийн соль"
	},
	"PLN": {
		"name": "польшийн злот"
	},
	"RWF": {
		"name": "руанд франк"
	},
	"RON": {
		"name": "румыны леу"
	},
	"WST": {
		"name": "самоагийн тала"
	},
	"STN": {
		"name": "сан-томе ба принсипи добра"
	},
	"SAR": {
		"name": "сауди риал"
	},
	"SZL": {
		"name": "свазиланд лилангени"
	},
	"SCR": {
		"name": "сейшел рупи"
	},
	"SHP": {
		"name": "сент хелена фунт"
	},
	"RSD": {
		"name": "серб динар"
	},
	"SGD": {
		"name": "сингапур доллар"
	},
	"SYP": {
		"name": "сири паунд"
	},
	"SBD": {
		"name": "соломон арлын доллар"
	},
	"SOS": {
		"name": "сомали шиллинг"
	},
	"SDG": {
		"name": "судан паунд"
	},
	"SRD": {
		"name": "суринам доллар"
	},
	"SLL": {
		"name": "сьерра леоны леон"
	},
	"TJS": {
		"name": "тажикийн сомон"
	},
	"THB": {
		"name": "тайландын бат",
		"symbol": "฿"
	},
	"TZS": {
		"name": "танзани шиллинг"
	},
	"TOP": {
		"name": "тонгагийн панга"
	},
	"XAF": {
		"name": "төв африкийн франк",
		"symbol": "FCFA"
	},
	"MNT": {
		"name": "төгрөг",
		"symbol": "₮"
	},
	"TTD": {
		"name": "тринидад ба тобаго доллар"
	},
	"TND": {
		"name": "тунис доллар"
	},
	"TRY": {
		"name": "туркийн лира"
	},
	"TMT": {
		"name": "туркмен манат"
	},
	"UGX": {
		"name": "уганд шиллинг"
	},
	"UZS": {
		"name": "узбекийн сом"
	},
	"UAH": {
		"name": "украины гривня"
	},
	"HUF": {
		"name": "унгарын форинт"
	},
	"UYU": {
		"name": "уругвайн песо"
	},
	"FJD": {
		"name": "фижи доллар"
	},
	"PHP": {
		"name": "филиппин песо"
	},
	"FKP": {
		"name": "фолклэнд арлын паунд"
	},
	"XPF": {
		"name": "францын колоний франк",
		"symbol": "CFPF"
	},
	"KPW": {
		"name": "хойд солонгос вон"
	},
	"HKD": {
		"name": "хонгконг доллар",
		"symbol": "HK$"
	},
	"HRK": {
		"name": "хорватын куна"
	},
	"CNY": {
		"name": "хятад юань",
		"symbol": "CN¥"
	},
	"CZK": {
		"name": "Чех крон"
	},
	"CLP": {
		"name": "чилийн песо"
	},
	"SEK": {
		"name": "шведийн крон"
	},
	"CHF": {
		"name": "швейцарь франк"
	},
	"NZD": {
		"name": "шинэ зеланд доллар",
		"symbol": "NZ$"
	},
	"TWD": {
		"name": "шинэ тайвань доллар",
		"symbol": "NT$"
	},
	"LKR": {
		"name": "шри-ланк рупи"
	},
	"INR": {
		"name": "энэтхэг рупи",
		"symbol": "₹"
	},
	"ERN": {
		"name": "эритрей накфа"
	},
	"ETB": {
		"name": "этиоп бирр"
	},
	"JMD": {
		"name": "ямайк доллар"
	},
	"JPY": {
		"name": "япон иен",
		"symbol": "JP¥"
	},
	"LSL": {
		"name": "Lesotho Loti"
	},
	"SVC": {
		"name": "Salvadoran Colón"
	},
	"ZWL": {
		"name": "Zimbabwean Dollar (2009)"
	}
}