{
	"XPF": {
		"name": "[CFP] फ्रँक",
		"symbol": "CFPF"
	},
	"AOA": {
		"name": "अँगोलन क्वॅन्झा"
	},
	"AZN": {
		"name": "अझरबैझानी मानाट"
	},
	"AFN": {
		"name": "अफगाण अफगाणी"
	},
	"AWG": {
		"name": "अरुबा फ्लोरिन"
	},
	"ARS": {
		"name": "अर्जेंटाइन पेसो"
	},
	"DZD": {
		"name": "अल्जेरियन दिनार"
	},
	"ALL": {
		"name": "अल्बानियन लेक"
	},
	"ISK": {
		"name": "आइसलँडिक क्रोना"
	},
	"AMD": {
		"name": "आर्मेनियन द्रॅम"
	},
	"IDR": {
		"name": "इंडोनेशियन रुपिया"
	},
	"EGP": {
		"name": "इजिप्शियन पाउंड"
	},
	"ETB": {
		"name": "इथिओपियन बिर"
	},
	"IQD": {
		"name": "इराकी दिनार"
	},
	"IRR": {
		"name": "इराणी रियाल"
	},
	"ERN": {
		"name": "इरिट्रियन नाक्फा"
	},
	"ILS": {
		"name": "ईस्त्रायली न्यू शेकेल",
		"symbol": "₪"
	},
	"UZS": {
		"name": "उझबेकिस्तानी सोम"
	},
	"KPW": {
		"name": "उत्तर कोरियन वॉन"
	},
	"UYU": {
		"name": "उरुग्वेचा पेसो"
	},
	"AUD": {
		"name": "ऑस्ट्रेलियन डॉलर",
		"symbol": "A$"
	},
	"OMR": {
		"name": "ओमानी रियाल"
	},
	"KHR": {
		"name": "कंबोडियन रियेल"
	},
	"KZT": {
		"name": "कझाकिस्तानी तेंगे"
	},
	"QAR": {
		"name": "कतारी रियाल"
	},
	"CDF": {
		"name": "काँगोलीज फ्रँक"
	},
	"KGS": {
		"name": "किरगिस्तानी सॉम"
	},
	"KWD": {
		"name": "कुवैती दिनार"
	},
	"CAD": {
		"name": "कॅनडियन डॉलर",
		"symbol": "CA$"
	},
	"KES": {
		"name": "केनियन शिलिंग"
	},
	"CVE": {
		"name": "केप व्हर्डेयन एस्कुडो"
	},
	"KYD": {
		"name": "केमेन आयलॅंड डॉलर"
	},
	"KMF": {
		"name": "कोमोरियन फ्रँक"
	},
	"COP": {
		"name": "कोलंबियन पेसो"
	},
	"CRC": {
		"name": "कोस्टा रिका कोलोन"
	},
	"CUP": {
		"name": "क्यूबन पेसो"
	},
	"CUC": {
		"name": "क्यूबन विनिमय पेसो"
	},
	"HRK": {
		"name": "क्रोएशियन कूना"
	},
	"GYD": {
		"name": "गयाना डॉलर"
	},
	"GMD": {
		"name": "गाम्बियन डालासी"
	},
	"GNF": {
		"name": "गिनी फ्रँक"
	},
	"GTQ": {
		"name": "ग्वाटेमालाचे क्वेत्झाल"
	},
	"GHS": {
		"name": "घानीयन सेडी"
	},
	"CLP": {
		"name": "चिली पेसो"
	},
	"CNY": {
		"name": "चीनी युआन",
		"symbol": "CN¥"
	},
	"JPY": {
		"name": "जपानी येन",
		"symbol": "JP¥"
	},
	"JMD": {
		"name": "जमैकन डॉलर"
	},
	"DJF": {
		"name": "जिबौटियन फ्रँक"
	},
	"GIP": {
		"name": "जिब्राल्टर पाउंड"
	},
	"GEL": {
		"name": "जॉर्जियन लारी"
	},
	"JOD": {
		"name": "जॉर्डनियन दिनार"
	},
	"ZMW": {
		"name": "झांबियन क्वाचा"
	},
	"CZK": {
		"name": "झेक प्रजासत्ताक कोरुना"
	},
	"TZS": {
		"name": "टांझानियन शिलिंग"
	},
	"TOP": {
		"name": "टोंगन पाआंगा"
	},
	"TND": {
		"name": "ट्यूनिशियन दिनार"
	},
	"DKK": {
		"name": "डॅनिश क्रोन"
	},
	"DOP": {
		"name": "डोमिनिकन पेसो"
	},
	"TJS": {
		"name": "ताजकीस्तानी सोमोनी"
	},
	"TMT": {
		"name": "तुर्कमेनिस्तानी मानाट"
	},
	"TRY": {
		"name": "तुर्की लिरा"
	},
	"TTD": {
		"name": "त्रिनिदाद आणि टोबॅगो डॉलर"
	},
	"THB": {
		"name": "थाई बाहत",
		"symbol": "฿"
	},
	"ZAR": {
		"name": "दक्षिण आफ्रिकी रँड"
	},
	"KRW": {
		"name": "दक्षिण कोरियन वॉन",
		"symbol": "₩"
	},
	"SSP": {
		"name": "दक्षिण सुदानी पाउंड"
	},
	"NAD": {
		"name": "नमिबियन डॉलर"
	},
	"NGN": {
		"name": "नायजेरियन नायरा"
	},
	"NIO": {
		"name": "निकाराग्वेचा कोर्डोबा"
	},
	"ANG": {
		"name": "नेदरलँडचा अँटिलीन गिल्डर"
	},
	"NPR": {
		"name": "नेपाळी रुपया"
	},
	"NOK": {
		"name": "नॉर्वेजियन क्रोन"
	},
	"TWD": {
		"name": "न्यू तैवान डॉलर",
		"symbol": "NT$"
	},
	"NZD": {
		"name": "न्यूझीलँड डॉलर",
		"symbol": "NZ$"
	},
	"PAB": {
		"name": "पनामा बाल्बोआ"
	},
	"PYG": {
		"name": "पराग्वे ग्वारानी"
	},
	"XOF": {
		"name": "पश्चिम आफ्रिकन [CFA] फ्रँक",
		"symbol": "CFA"
	},
	"PKR": {
		"name": "पाकिस्तानी रुपया"
	},
	"PGK": {
		"name": "पापुआ न्यू गिनीयन किना"
	},
	"XCD": {
		"name": "पूर्व कॅरीबियन डॉलर",
		"symbol": "EC$"
	},
	"PEN": {
		"name": "पेरुवियन सोल"
	},
	"PLN": {
		"name": "पोलिश झ्लॉटी"
	},
	"FJD": {
		"name": "फिजियन डॉलर"
	},
	"PHP": {
		"name": "फिलिपिनी पेसो"
	},
	"FKP": {
		"name": "फॉकलंड आयलंड पाउंड"
	},
	"BMD": {
		"name": "बर्मुडा डॉलर"
	},
	"BGN": {
		"name": "बल्गेरियन लेव"
	},
	"BSD": {
		"name": "बहामी डॉलर"
	},
	"BDT": {
		"name": "बांगलादेशी टका"
	},
	"BBD": {
		"name": "बार्बाडियन डॉलर"
	},
	"BHD": {
		"name": "बाहरिनी दिनार"
	},
	"BIF": {
		"name": "बुरुंडियन फ्रँक"
	},
	"BYN": {
		"name": "बेलारुशियन रुबल"
	},
	"BZD": {
		"name": "बेलीझ डॉलर"
	},
	"BWP": {
		"name": "बोट्सवानन पुला"
	},
	"BOB": {
		"name": "बोलिव्हियन बोलिव्हियानो"
	},
	"BAM": {
		"name": "बोस्निया-हर्जेगोविना विनिमय मार्क"
	},
	"BRL": {
		"name": "ब्राझिलियन रियाल",
		"symbol": "R$"
	},
	"GBP": {
		"name": "ब्रिटिश पाऊंड",
		"symbol": "£"
	},
	"BND": {
		"name": "ब्रुनेई डॉलर"
	},
	"INR": {
		"name": "भारतीय रुपया",
		"symbol": "₹"
	},
	"BTN": {
		"name": "भूतानी एंगल्ट्रम"
	},
	"MNT": {
		"name": "मंगोलियन टुग्रिक"
	},
	"XAF": {
		"name": "मध्य आफ्रिकन [CFA] फ्रँक",
		"symbol": "FCFA"
	},
	"MYR": {
		"name": "मलेशियन रिंगिट"
	},
	"MVR": {
		"name": "मालदीवियन रुफिया"
	},
	"MGA": {
		"name": "मालागासी एरियारी"
	},
	"MWK": {
		"name": "मालावियन क्वाचा"
	},
	"MOP": {
		"name": "मॅकॅनीज् पटाका"
	},
	"MKD": {
		"name": "मॅसेडोनियन देनार"
	},
	"MXN": {
		"name": "मेक्सिको पेसो",
		"symbol": "MX$"
	},
	"MRU": {
		"name": "मॉरिटानियन ओगिया"
	},
	"MUR": {
		"name": "मॉरिशियन रुपी"
	},
	"MZN": {
		"name": "मोझांबिकन मेटिकल"
	},
	"MAD": {
		"name": "मोरोक्को दिरहॅम"
	},
	"MDL": {
		"name": "मोल्डोवन लेउ"
	},
	"MMK": {
		"name": "म्यानमार क्याट"
	},
	"UAH": {
		"name": "युक्रेनियन रिवनिया"
	},
	"UGX": {
		"name": "युगांडा शिलिंग"
	},
	"EUR": {
		"name": "युरो",
		"symbol": "€"
	},
	"USD": {
		"name": "यूएस डॉलर",
		"symbol": "$"
	},
	"YER": {
		"name": "येमेनी रियाल"
	},
	"RWF": {
		"name": "रवांडा फ्रँक"
	},
	"RUB": {
		"name": "रशियन रुबल"
	},
	"RON": {
		"name": "रोमानियन लेऊ"
	},
	"LRD": {
		"name": "लाइबेरियन डॉलर"
	},
	"LAK": {
		"name": "लाओशियन किप"
	},
	"LYD": {
		"name": "लिबियाचा दिनार"
	},
	"LBP": {
		"name": "लेबनीज पाउंड"
	},
	"LSL": {
		"name": "लेसोटो लोटी"
	},
	"VUV": {
		"name": "वानुआतु वाटु"
	},
	"VND": {
		"name": "व्हिएतनामी डोंग",
		"symbol": "₫"
	},
	"VEF": {
		"name": "व्हेनेझुएला बोलिव्हार"
	},
	"LKR": {
		"name": "श्रीलंकन रुपया"
	},
	"AED": {
		"name": "संयुक्त अरब अमीरात दिरहॅम"
	},
	"RSD": {
		"name": "सर्बियन दिनार"
	},
	"STN": {
		"name": "साओ टोम आणि प्रिन्सिपे डोबरा"
	},
	"WST": {
		"name": "सामोअन टाला"
	},
	"SGD": {
		"name": "सिंगापूर डॉलर"
	},
	"SLL": {
		"name": "सिएरा लिऑनचा लिऑन"
	},
	"SYP": {
		"name": "सीरियन पाउंड"
	},
	"SDG": {
		"name": "सुदानी पाउंड"
	},
	"SRD": {
		"name": "सुरिनामी डॉलर"
	},
	"SHP": {
		"name": "सेंट हेलेना पाउंड"
	},
	"SCR": {
		"name": "सेशेलोईस रुपी"
	},
	"SOS": {
		"name": "सोमाली शिलिंग"
	},
	"SBD": {
		"name": "सोलोमन आयलँड्स डॉलर"
	},
	"SAR": {
		"name": "सौदी रियाल"
	},
	"SZL": {
		"name": "स्वाझी लीलांगेनी"
	},
	"CHF": {
		"name": "स्विस फ्रँक"
	},
	"SEK": {
		"name": "स्वीडिश क्रोना"
	},
	"HUF": {
		"name": "हंगेरियन फॉरिन्ट"
	},
	"HKD": {
		"name": "हाँगकाँग डॉलर",
		"symbol": "HK$"
	},
	"HTG": {
		"name": "हैती गोअर्ड"
	},
	"HNL": {
		"name": "होन्डुरन लेंपिरा"
	},
	"SVC": {
		"name": "Salvadoran Colón"
	},
	"ZWL": {
		"name": "Zimbabwean Dollar (2009)"
	}
}