{
	"AUD": {
		"name": "Australian Dollar",
		"symbol": "A$"
	},
	"XPF": {
		"name": "CFP Franc",
		"symbol": "CFPF"
	},
	"FJD": {
		"name": "Fijian Dollar"
	},
	"LSL": {
		"name": "Lesotho Loti"
	},
	"NZD": {
		"name": "New Zealand Dollar",
		"symbol": "NZ$"
	},
	"PGK": {
		"name": "Papua New Guinean Kina"
	},
	"SVC": {
		"name": "Salvadoran Colón"
	},
	"WST": {
		"name": "Samoan Tala"
	},
	"SBD": {
		"name": "Solomon Islands Dollar"
	},
	"TOP": {
		"name": "Tongan Paʻanga"
	},
	"VUV": {
		"name": "Vanuatu Vatu"
	},
	"ZWL": {
		"name": "Zimbabwean Dollar (2009)"
	},
	"AZN": {
		"name": "آذربایجون ِمنات"
	},
	"ARS": {
		"name": "آرژانتین ِپزو"
	},
	"AWG": {
		"name": "آروبای ِفلورن"
	},
	"ALL": {
		"name": "آلبانی ِلک"
	},
	"USD": {
		"name": "آمریکای ِدولار",
		"symbol": "$"
	},
	"AOA": {
		"name": "آنگولای ِکوانزا"
	},
	"ETB": {
		"name": "اتیوپی ِبیر"
	},
	"JOD": {
		"name": "اردن ِدینار"
	},
	"AMD": {
		"name": "ارمنستون درهم"
	},
	"UYU": {
		"name": "اروگوئه‌ی ِپزو"
	},
	"ERN": {
		"name": "اریتره‌ی ِناکفا"
	},
	"UZS": {
		"name": "ازبکستون ِسام"
	},
	"ILS": {
		"name": "اسراییل ِنو شِکِل",
		"symbol": "₪"
	},
	"AFN": {
		"name": "افغانستون ِافغانی"
	},
	"UAH": {
		"name": "اکراین ِگریونا"
	},
	"DZD": {
		"name": "الجزیره‌ی ِدینار"
	},
	"IDR": {
		"name": "اندونزی ِروپیه"
	},
	"UGX": {
		"name": "اوگاندای ِشیلینگ"
	},
	"IRR": {
		"name": "ایران ریال"
	},
	"ISK": {
		"name": "ایسلند کرونا"
	},
	"BBD": {
		"name": "باربادوس ِدولار"
	},
	"BSD": {
		"name": "باهامای ِدولار"
	},
	"BHD": {
		"name": "بحرین ِدینار"
	},
	"BRL": {
		"name": "برزیل ِرئال",
		"symbol": "R$"
	},
	"BMD": {
		"name": "برمودای ِدولار"
	},
	"BND": {
		"name": "برونئی ِدولار"
	},
	"GBP": {
		"name": "بریتانیای ِپوند",
		"symbol": "£"
	},
	"BYN": {
		"name": "بلاروس ِروبل"
	},
	"BGN": {
		"name": "بلغارستون ِلیوا"
	},
	"BZD": {
		"name": "بلیز ِدولار"
	},
	"BDT": {
		"name": "بنگلادش ِتاکا"
	},
	"BTN": {
		"name": "بوتان ِنگولتروم"
	},
	"BWP": {
		"name": "بوتساوانای ِپولا"
	},
	"BIF": {
		"name": "بوروندی ِفرانک"
	},
	"BAM": {
		"name": "بوسنی و هرزگوین ِتبدیل‌بَیی مارک"
	},
	"BOB": {
		"name": "بولیوی ِبولیویانو"
	},
	"PYG": {
		"name": "پاراگوئه‌ی ِگوارانی"
	},
	"PKR": {
		"name": "پاکستون روپیه"
	},
	"PAB": {
		"name": "پانامای ِبالبوا"
	},
	"PEN": {
		"name": "پروی ِسول"
	},
	"TJS": {
		"name": "تاجیکستون ِسامانی"
	},
	"TZS": {
		"name": "تانزانیای ِشیلینگ"
	},
	"THB": {
		"name": "تایلند ِبات"
	},
	"TMT": {
		"name": "ترکمنستون ِمنات"
	},
	"TRY": {
		"name": "ترکیه‌ی ِلیره"
	},
	"TTD": {
		"name": "ترینیداد و توباگوی ِدولار"
	},
	"TND": {
		"name": "تونس ِدینار"
	},
	"JPY": {
		"name": "جاپون ِین",
		"symbol": "JP¥"
	},
	"JMD": {
		"name": "جاماییکای ِدولار"
	},
	"GIP": {
		"name": "جبل‌طارق ِپوند"
	},
	"TWD": {
		"name": "جدید ِتایوان ِدولار",
		"symbol": "NT$"
	},
	"ZAR": {
		"name": "جنوبی آفریقای ِراند"
	},
	"SSP": {
		"name": "جنوبی سودان ِپوند"
	},
	"KRW": {
		"name": "جنوبی کُره‌ی ِوون",
		"symbol": "₩"
	},
	"DJF": {
		"name": "جیبوتی ِفرانک"
	},
	"CZK": {
		"name": "چک ِکرون"
	},
	"CNY": {
		"name": "چین ِیوآن",
		"symbol": "CN¥"
	},
	"DKK": {
		"name": "دانمارک ِکورن"
	},
	"DOP": {
		"name": "دومینیکن ِپزو"
	},
	"RWF": {
		"name": "روآندای ِفرانک"
	},
	"RUB": {
		"name": "روسیه‌ی ِروبل"
	},
	"RON": {
		"name": "رومانی ِلئو"
	},
	"ZMW": {
		"name": "زامبیای ِکواچا"
	},
	"STN": {
		"name": "سائوتومه و پرینسیپ ِدوبرا"
	},
	"LKR": {
		"name": "سریلانکا روپیه"
	},
	"SHP": {
		"name": "سنت هلنای ِپوند"
	},
	"SGD": {
		"name": "سنگاپور ِدلار"
	},
	"SEK": {
		"name": "سوئد ِکرون"
	},
	"SZL": {
		"name": "سوازیلند ِلیلانجنی"
	},
	"SDG": {
		"name": "سودان ِپوند"
	},
	"SRD": {
		"name": "سورینام ِدولار"
	},
	"SYP": {
		"name": "سوریه‌ی ِپوند"
	},
	"SOS": {
		"name": "سومالی ِشیلینگ"
	},
	"CHF": {
		"name": "سوییس ِفرانک"
	},
	"SLL": {
		"name": "سیرالئون ِلئون"
	},
	"SCR": {
		"name": "سیشل ِروپیه"
	},
	"XCD": {
		"name": "شرقی کاراییب ِدولار",
		"symbol": "EC$"
	},
	"KPW": {
		"name": "شمالی کره‌ی ِوون"
	},
	"CLP": {
		"name": "شیلی ِپزو"
	},
	"RSD": {
		"name": "صربستون ِدینار"
	},
	"CVE": {
		"name": "عاج ِساحل ِایسکودو"
	},
	"IQD": {
		"name": "عراق ِدینار"
	},
	"SAR": {
		"name": "عربستون ِریال"
	},
	"OMR": {
		"name": "عمان ِریال"
	},
	"XOF": {
		"name": "غربی آفریقای ِسی‌اف‌ای فرانک",
		"symbol": "CFA"
	},
	"GHS": {
		"name": "غنای ِسدی"
	},
	"FKP": {
		"name": "فالکلند ِجزایر ِپوند"
	},
	"PHP": {
		"name": "فیلیپین ِپزو"
	},
	"KZT": {
		"name": "قراقستون ِتنگ"
	},
	"KGS": {
		"name": "قرقیزستون ِسام"
	},
	"QAR": {
		"name": "قطر ِریال"
	},
	"CRC": {
		"name": "کاستاریکای ِکولون"
	},
	"KHR": {
		"name": "کامبوج ِریل"
	},
	"KMF": {
		"name": "کامرون ِفرانک"
	},
	"CAD": {
		"name": "کانادای ِدولار",
		"symbol": "CA$"
	},
	"KYD": {
		"name": "کایمن جزیره‌ی ِدولار"
	},
	"HRK": {
		"name": "کرواسی ِکونا"
	},
	"COP": {
		"name": "کلمبیای ِپزو"
	},
	"CDF": {
		"name": "کنگوی ِفرانک"
	},
	"KES": {
		"name": "کنیای ِشیلینگ"
	},
	"CUP": {
		"name": "کوبای ِپزو"
	},
	"CUC": {
		"name": "کوبای ِتبدیل‌بَیی پزو"
	},
	"KWD": {
		"name": "کویت ِدینار"
	},
	"GMD": {
		"name": "گامبیای ِدالاسی"
	},
	"GEL": {
		"name": "گرجستون ِلاری"
	},
	"GTQ": {
		"name": "گواتمالا کتزال"
	},
	"GYD": {
		"name": "گویان ِدولار"
	},
	"GNF": {
		"name": "گینه‌ی ِفرانک"
	},
	"LAK": {
		"name": "لائوس ِکیپ"
	},
	"LBP": {
		"name": "لبنان ِپوند"
	},
	"PLN": {
		"name": "لهستون ِزلوتی"
	},
	"LRD": {
		"name": "لیبریای ِدولار"
	},
	"LYD": {
		"name": "لیبی ِدینار"
	},
	"MGA": {
		"name": "ماداگاسکار ِآریاری"
	},
	"MOP": {
		"name": "ماکائو ِپاتاجا"
	},
	"MWK": {
		"name": "مالاوی ِکواچا"
	},
	"MVR": {
		"name": "مالدیو ِروفیا"
	},
	"MYR": {
		"name": "مالزی ِرینگیت"
	},
	"AED": {
		"name": "متحده عربی امارات ِدرهم"
	},
	"HUF": {
		"name": "مجارستون ِفروینت"
	},
	"MAD": {
		"name": "مراکش ِدرهم"
	},
	"EGP": {
		"name": "مصر ِپوند"
	},
	"MNT": {
		"name": "مغلستون ِتوگریک"
	},
	"MKD": {
		"name": "مقدونیه‌ی ِدینار"
	},
	"MXN": {
		"name": "مکزیک ِپزو",
		"symbol": "MX$"
	},
	"MRU": {
		"name": "موریتانی ِاوگوئیا"
	},
	"MUR": {
		"name": "موریتیان ِروپیه"
	},
	"MZN": {
		"name": "موزامبیک متیکال"
	},
	"MDL": {
		"name": "مولداوی ِلئو"
	},
	"MMK": {
		"name": "میانمار ِکیات"
	},
	"XAF": {
		"name": "میونی آفریقای ِسی‌اف‌ای فرانک",
		"symbol": "FCFA"
	},
	"NAD": {
		"name": "نامبیای ِدولار"
	},
	"NPR": {
		"name": "نپال ِروپیه"
	},
	"NOK": {
		"name": "نروژ ِکرون"
	},
	"NGN": {
		"name": "نیجریه‌ی ِنیارا"
	},
	"NIO": {
		"name": "نیکاراگوئه‌ی ِکوردوبا"
	},
	"HTG": {
		"name": "هائیتی ِگورد"
	},
	"ANG": {
		"name": "هلند ِآنتیل ِجزایر ِگویلدر"
	},
	"INR": {
		"name": "هند ِروپیه",
		"symbol": "₹"
	},
	"HNL": {
		"name": "هندوراس ِلمپیرا"
	},
	"HKD": {
		"name": "هونگ کونگ ِدولار",
		"symbol": "HK$"
	},
	"VEF": {
		"name": "ونزوئلایِ بولیوار"
	},
	"VND": {
		"name": "ویتنام ِدنگ",
		"symbol": "₫"
	},
	"YER": {
		"name": "یمن ِریال"
	},
	"EUR": {
		"name": "یورو",
		"symbol": "€"
	}
}