{
	"AUD": {
		"name": "австралийский доллар",
		"symbol": "A$"
	},
	"AZN": {
		"name": "азербайджанский манат"
	},
	"ALL": {
		"name": "албанский лек"
	},
	"DZD": {
		"name": "алжирский динар"
	},
	"AOA": {
		"name": "ангольская кванза"
	},
	"ARS": {
		"name": "аргентинское песо"
	},
	"AMD": {
		"name": "армянский драм"
	},
	"AWG": {
		"name": "арубанский флорин"
	},
	"AFN": {
		"name": "афгани"
	},
	"BSD": {
		"name": "багамский доллар"
	},
	"BDT": {
		"name": "бангладешская така"
	},
	"BBD": {
		"name": "барбадосский доллар"
	},
	"BHD": {
		"name": "бахрейнский динар"
	},
	"BZD": {
		"name": "белизский доллар"
	},
	"BYN": {
		"name": "белорусский рубль"
	},
	"BMD": {
		"name": "бермудский доллар"
	},
	"BGN": {
		"name": "болгарский лев"
	},
	"BOB": {
		"name": "боливийский боливиано"
	},
	"BWP": {
		"name": "ботсванская пула"
	},
	"BRL": {
		"name": "бразильский реал",
		"symbol": "R$"
	},
	"GBP": {
		"name": "британский фунт стерлингов",
		"symbol": "£"
	},
	"BND": {
		"name": "брунейский доллар"
	},
	"BIF": {
		"name": "бурундийский франк"
	},
	"BTN": {
		"name": "бутанский нгултрум"
	},
	"VUV": {
		"name": "вату Вануату"
	},
	"HUF": {
		"name": "венгерский форинт"
	},
	"VEF": {
		"name": "венесуэльский боливар"
	},
	"XCD": {
		"name": "восточно-карибский доллар",
		"symbol": "EC$"
	},
	"VND": {
		"name": "вьетнамский донг",
		"symbol": "₫"
	},
	"HTG": {
		"name": "гаитянский гурд"
	},
	"GYD": {
		"name": "гайанский доллар"
	},
	"GMD": {
		"name": "гамбийский даласи"
	},
	"GHS": {
		"name": "ганский седи"
	},
	"GTQ": {
		"name": "гватемальский кетсаль"
	},
	"GNF": {
		"name": "гвинейский франк"
	},
	"GIP": {
		"name": "гибралтарский фунт"
	},
	"HNL": {
		"name": "гондурасская лемпира"
	},
	"HKD": {
		"name": "гонконгский доллар",
		"symbol": "HK$"
	},
	"GEL": {
		"name": "грузинский лари"
	},
	"DKK": {
		"name": "датская крона"
	},
	"AED": {
		"name": "дирхам ОАЭ"
	},
	"STN": {
		"name": "добра Сан-Томе и Принсипи"
	},
	"ZWL": {
		"name": "Доллар Зимбабве (2009)"
	},
	"KYD": {
		"name": "доллар Каймановых островов"
	},
	"NAD": {
		"name": "доллар Намибии"
	},
	"SBD": {
		"name": "доллар Соломоновых островов"
	},
	"USD": {
		"name": "доллар США",
		"symbol": "$"
	},
	"TTD": {
		"name": "доллар Тринидада и Тобаго"
	},
	"FJD": {
		"name": "доллар Фиджи"
	},
	"DOP": {
		"name": "доминиканское песо"
	},
	"EUR": {
		"name": "евро",
		"symbol": "€"
	},
	"EGP": {
		"name": "египетский фунт"
	},
	"ZMW": {
		"name": "замбийская квача"
	},
	"INR": {
		"name": "индийская рупия",
		"symbol": "₹"
	},
	"IDR": {
		"name": "индонезийская рупия"
	},
	"JOD": {
		"name": "иорданский динар"
	},
	"IQD": {
		"name": "иракский динар"
	},
	"IRR": {
		"name": "иранский риал"
	},
	"ISK": {
		"name": "исландская крона"
	},
	"YER": {
		"name": "йеменский риал"
	},
	"KZT": {
		"name": "казахский тенге"
	},
	"KHR": {
		"name": "камбоджийский риель"
	},
	"CAD": {
		"name": "канадский доллар",
		"symbol": "CA$"
	},
	"QAR": {
		"name": "катарский риал"
	},
	"KES": {
		"name": "кенийский шиллинг"
	},
	"PGK": {
		"name": "кина Папуа – Новой Гвинеи"
	},
	"KGS": {
		"name": "киргизский сом"
	},
	"CNY": {
		"name": "китайский юань",
		"symbol": "CN¥"
	},
	"COP": {
		"name": "колумбийское песо"
	},
	"BAM": {
		"name": "конвертируемая марка Боснии и Герцеговины"
	},
	"CDF": {
		"name": "конголезский франк"
	},
	"CRC": {
		"name": "костариканский колон"
	},
	"CUC": {
		"name": "кубинское конвертируемое песо"
	},
	"CUP": {
		"name": "кубинское песо"
	},
	"KWD": {
		"name": "кувейтский динар"
	},
	"LAK": {
		"name": "лаосский кип"
	},
	"SLL": {
		"name": "леоне"
	},
	"LRD": {
		"name": "либерийский доллар"
	},
	"LBP": {
		"name": "ливанский фунт"
	},
	"LYD": {
		"name": "ливийский динар"
	},
	"LSL": {
		"name": "Лоти"
	},
	"MUR": {
		"name": "маврикийская рупия"
	},
	"MRU": {
		"name": "мавританская угия"
	},
	"MKD": {
		"name": "македонский денар"
	},
	"MWK": {
		"name": "малавийская квача"
	},
	"MGA": {
		"name": "малагасийский ариари"
	},
	"MYR": {
		"name": "малайзийский ринггит"
	},
	"MVR": {
		"name": "мальдивская руфия"
	},
	"MAD": {
		"name": "марокканский дирхам"
	},
	"MXN": {
		"name": "мексиканское песо",
		"symbol": "MX$"
	},
	"MZN": {
		"name": "мозамбикский метикал"
	},
	"MDL": {
		"name": "молдавский лей"
	},
	"MNT": {
		"name": "монгольский тугрик"
	},
	"MMK": {
		"name": "мьянманский кьят"
	},
	"NPR": {
		"name": "непальская рупия"
	},
	"NGN": {
		"name": "нигерийская найра"
	},
	"ANG": {
		"name": "нидерландский антильский гульден"
	},
	"NIO": {
		"name": "никарагуанская кордоба"
	},
	"NZD": {
		"name": "новозеландский доллар",
		"symbol": "NZ$"
	},
	"ILS": {
		"name": "новый израильский шекель",
		"symbol": "₪"
	},
	"TWD": {
		"name": "новый тайваньский доллар",
		"symbol": "NT$"
	},
	"TMT": {
		"name": "новый туркменский манат",
		"symbol": "ТМТ"
	},
	"NOK": {
		"name": "норвежская крона"
	},
	"OMR": {
		"name": "оманский риал"
	},
	"PKR": {
		"name": "пакистанская рупия"
	},
	"PAB": {
		"name": "панамский бальбоа"
	},
	"PYG": {
		"name": "парагвайский гуарани"
	},
	"MOP": {
		"name": "патака Макао"
	},
	"PEN": {
		"name": "перуанский соль"
	},
	"PLN": {
		"name": "польский злотый"
	},
	"RUB": {
		"name": "российский рубль",
		"symbol": "₽"
	},
	"RON": {
		"name": "румынский лей"
	},
	"SVC": {
		"name": "Сальвадорский колон"
	},
	"WST": {
		"name": "самоанская тала"
	},
	"SAR": {
		"name": "саудовский риял"
	},
	"SZL": {
		"name": "свазилендский лилангени"
	},
	"KPW": {
		"name": "северокорейская вона"
	},
	"SCR": {
		"name": "сейшельская рупия"
	},
	"RSD": {
		"name": "сербский динар"
	},
	"SGD": {
		"name": "сингапурский доллар"
	},
	"SYP": {
		"name": "сирийский фунт"
	},
	"SOS": {
		"name": "сомалийский шиллинг"
	},
	"SDG": {
		"name": "суданский фунт"
	},
	"SRD": {
		"name": "суринамский доллар"
	},
	"TJS": {
		"name": "таджикский сомони"
	},
	"THB": {
		"name": "таиландский бат",
		"symbol": "฿"
	},
	"TZS": {
		"name": "танзанийский шиллинг"
	},
	"TOP": {
		"name": "тонганская паанга"
	},
	"TND": {
		"name": "тунисский динар"
	},
	"TRY": {
		"name": "турецкая лира"
	},
	"UGX": {
		"name": "угандийский шиллинг"
	},
	"UZS": {
		"name": "узбекский сум"
	},
	"UAH": {
		"name": "украинская гривна",
		"symbol": "₴"
	},
	"UYU": {
		"name": "уругвайское песо"
	},
	"PHP": {
		"name": "филиппинское песо"
	},
	"DJF": {
		"name": "франк Джибути"
	},
	"KMF": {
		"name": "франк Коморских островов"
	},
	"XOF": {
		"name": "франк КФА ВСЕАО",
		"symbol": "CFA"
	},
	"XAF": {
		"name": "франк КФА BEAC",
		"symbol": "FCFA"
	},
	"RWF": {
		"name": "франк Руанды"
	},
	"XPF": {
		"name": "французский тихоокеанский франк",
		"symbol": "CFPF"
	},
	"SHP": {
		"name": "фунт острова Святой Елены"
	},
	"FKP": {
		"name": "фунт Фолклендских островов"
	},
	"HRK": {
		"name": "хорватская куна"
	},
	"CZK": {
		"name": "чешская крона"
	},
	"CLP": {
		"name": "чилийское песо"
	},
	"SEK": {
		"name": "шведская крона"
	},
	"CHF": {
		"name": "швейцарский франк"
	},
	"LKR": {
		"name": "шри-ланкийская рупия"
	},
	"ERN": {
		"name": "эритрейская накфа"
	},
	"CVE": {
		"name": "эскудо Кабо-Верде"
	},
	"ETB": {
		"name": "эфиопский быр"
	},
	"ZAR": {
		"name": "южноафриканский рэнд"
	},
	"KRW": {
		"name": "южнокорейская вона",
		"symbol": "₩"
	},
	"SSP": {
		"name": "южносуданский фунт"
	},
	"JMD": {
		"name": "ямайский доллар"
	},
	"JPY": {
		"name": "японская иена",
		"symbol": "¥"
	}
}