{
	"AFN": {
		"name": "Afghani ya Afghanistan"
	},
	"MGA": {
		"name": "Ariary ya Bukini"
	},
	"THB": {
		"name": "Baht ya Tailandi",
		"symbol": "฿"
	},
	"PAB": {
		"name": "Balboa ya Panama"
	},
	"ETB": {
		"name": "Bir ya Uhabeshi"
	},
	"VEF": {
		"name": "Bolivar ya Venezuela"
	},
	"BOB": {
		"name": "Boliviano ya Bolivia"
	},
	"GHS": {
		"name": "Cedi ya Ghana"
	},
	"CRC": {
		"name": "Colon ya Costa Rica"
	},
	"BAM": {
		"name": "Convertible Mark ya Bosnia na Hezegovina"
	},
	"NIO": {
		"name": "Cordoba ya Nicaragua"
	},
	"CZK": {
		"name": "Czech Koruna"
	},
	"GMD": {
		"name": "Dalasi ya Gambia"
	},
	"MKD": {
		"name": "Denar ya Macedonia"
	},
	"DZD": {
		"name": "Dinar ya Algeria"
	},
	"BHD": {
		"name": "Dinar ya Bahrain"
	},
	"IQD": {
		"name": "Dinar ya Iraq"
	},
	"JOD": {
		"name": "Dinar ya Jordan"
	},
	"KWD": {
		"name": "Dinar ya Kuwait"
	},
	"RSD": {
		"name": "Dinar ya Serbia"
	},
	"LYD": {
		"name": "Dinari ya Libya"
	},
	"TND": {
		"name": "Dinari ya Tunisia"
	},
	"AED": {
		"name": "Dirham ya Falme za Kiarabu"
	},
	"MAD": {
		"name": "Dirham ya Morocco"
	},
	"STN": {
		"name": "Dobra ya Sao Tome na Principe"
	},
	"AUD": {
		"name": "Dola ya Australia",
		"symbol": "A$"
	},
	"BSD": {
		"name": "Dola ya Bahamas"
	},
	"BBD": {
		"name": "Dola ya Barbados"
	},
	"BZD": {
		"name": "Dola ya Belize"
	},
	"BMD": {
		"name": "Dola ya Bermuda"
	},
	"BND": {
		"name": "Dola ya Brunei"
	},
	"CAD": {
		"name": "Dola ya Canada",
		"symbol": "CA$"
	},
	"XCD": {
		"name": "Dola ya Caribbean Mashariki",
		"symbol": "EC$"
	},
	"FJD": {
		"name": "Dola ya Fiji"
	},
	"GYD": {
		"name": "Dola ya Guyana"
	},
	"HKD": {
		"name": "Dola ya Hong Kong",
		"symbol": "HK$"
	},
	"JMD": {
		"name": "Dola ya Jamaica"
	},
	"LRD": {
		"name": "Dola ya Liberia"
	},
	"USD": {
		"name": "Dola ya Marekani",
		"symbol": "US$"
	},
	"NAD": {
		"name": "Dola ya Namibia"
	},
	"NZD": {
		"name": "Dola ya New Zealand",
		"symbol": "NZ$"
	},
	"SGD": {
		"name": "Dola ya Singapore"
	},
	"SRD": {
		"name": "Dola ya Suriname"
	},
	"TWD": {
		"name": "Dola ya Taiwan",
		"symbol": "NT$"
	},
	"TTD": {
		"name": "Dola ya Trinidad na Tobago"
	},
	"KYD": {
		"name": "Dola ya Visiwa vya Cayman"
	},
	"SBD": {
		"name": "Dola ya Visiwa vya Solomon"
	},
	"VND": {
		"name": "Dong ya Vietnam",
		"symbol": "₫"
	},
	"AMD": {
		"name": "Dram ya Armenia"
	},
	"CVE": {
		"name": "Eskudo ya Cape Verde"
	},
	"XOF": {
		"name": "Faranga CFA BCEAO",
		"symbol": "CFA"
	},
	"XAF": {
		"name": "Faranga CFA BEAC",
		"symbol": "FCFA"
	},
	"BIF": {
		"name": "Faranga ya Burundi"
	},
	"XPF": {
		"name": "Faranga ya CFP",
		"symbol": "CFPF"
	},
	"KMF": {
		"name": "Faranga ya Comoros"
	},
	"DJF": {
		"name": "Faranga ya Djibouti"
	},
	"GNF": {
		"name": "Faranga ya Guinea"
	},
	"CDF": {
		"name": "Faranga ya Kongo",
		"symbol": "FC"
	},
	"RWF": {
		"name": "Faranga ya Rwanda"
	},
	"CHF": {
		"name": "Faranga ya Uswisi"
	},
	"AWG": {
		"name": "Florin ya Aruba"
	},
	"HUF": {
		"name": "Forint ya Hungaria"
	},
	"HTG": {
		"name": "Gourde ya Haiti"
	},
	"PYG": {
		"name": "Guarani ya Paraguay"
	},
	"ANG": {
		"name": "Guilder ya Antili za Kiholanzi"
	},
	"UAH": {
		"name": "Hryvnia ya Ukraine"
	},
	"PGK": {
		"name": "Kina ya Papua New Guinea"
	},
	"LAK": {
		"name": "Kip ya Laosi"
	},
	"ISK": {
		"name": "Krona ya Aisilandi"
	},
	"SEK": {
		"name": "Krona ya Uswidi"
	},
	"DKK": {
		"name": "Krone ya Denmark"
	},
	"NOK": {
		"name": "Krone ya Norway"
	},
	"HRK": {
		"name": "Kuna ya Croatia"
	},
	"MWK": {
		"name": "Kwacha ya Malawi"
	},
	"ZMW": {
		"name": "Kwacha ya Zambia"
	},
	"AOA": {
		"name": "Kwanza ya Angola"
	},
	"MMK": {
		"name": "Kyat ya Myanmar"
	},
	"GEL": {
		"name": "Lari ya Georgia"
	},
	"ALL": {
		"name": "Lek ya Albania"
	},
	"HNL": {
		"name": "Lempira ya Hondurasi"
	},
	"SLL": {
		"name": "Leone"
	},
	"MDL": {
		"name": "Leu ya Moldova"
	},
	"RON": {
		"name": "Leu ya Romania"
	},
	"BGN": {
		"name": "Lev ya Bulgaria"
	},
	"SZL": {
		"name": "Lilangeni"
	},
	"TRY": {
		"name": "Lira ya Uturuki"
	},
	"LSL": {
		"name": "Loti ya Lesoto"
	},
	"AZN": {
		"name": "Manat ya Azerbaijan"
	},
	"TMT": {
		"name": "Manat ya Turkmenistan"
	},
	"MZN": {
		"name": "Metikali ya Msumbiji"
	},
	"NGN": {
		"name": "Naira ya Nigeria"
	},
	"ERN": {
		"name": "Nakfa ya Eritrea"
	},
	"BTN": {
		"name": "Ngultrum ya Bhutan"
	},
	"TOP": {
		"name": "Paʻanga ya Tonga"
	},
	"MOP": {
		"name": "Pataca ya Macau"
	},
	"GIP": {
		"name": "Pauni ya Gibraltar"
	},
	"LBP": {
		"name": "Pauni ya Lebanon"
	},
	"EGP": {
		"name": "Pauni ya Misri"
	},
	"SHP": {
		"name": "Pauni ya St. Helena"
	},
	"SDG": {
		"name": "Pauni ya Sudan"
	},
	"SSP": {
		"name": "Pauni ya Sudan Kusini"
	},
	"SYP": {
		"name": "Pauni ya Syria"
	},
	"GBP": {
		"name": "Pauni ya Uingereza",
		"symbol": "£"
	},
	"FKP": {
		"name": "Pauni ya Visiwa vya Falkland"
	},
	"ARS": {
		"name": "Peso ya Argentina"
	},
	"CLP": {
		"name": "Peso ya Chile"
	},
	"COP": {
		"name": "Peso ya Colombia"
	},
	"CUP": {
		"name": "Peso ya Cuba"
	},
	"CUC": {
		"name": "Peso ya Cuba Inayoweza Kubadilishwa"
	},
	"DOP": {
		"name": "Peso ya Dominica"
	},
	"MXN": {
		"name": "Peso ya Mexico",
		"symbol": "MX$"
	},
	"PHP": {
		"name": "Peso ya Ufilipino"
	},
	"UYU": {
		"name": "Peso ya Uruguay"
	},
	"BWP": {
		"name": "Pula ya Botswana"
	},
	"GTQ": {
		"name": "Quetzal ya Guatemala"
	},
	"ZAR": {
		"name": "Randi ya Afrika Kusini"
	},
	"BRL": {
		"name": "Real ya Brazil",
		"symbol": "R$"
	},
	"IRR": {
		"name": "Rial ya Iran"
	},
	"OMR": {
		"name": "Rial ya Omani"
	},
	"QAR": {
		"name": "Rial ya Qatar"
	},
	"YER": {
		"name": "Rial ya Yemen"
	},
	"KHR": {
		"name": "Riel ya Cambodia"
	},
	"MYR": {
		"name": "Ringgit ya Malaysia"
	},
	"SAR": {
		"name": "Riyal ya Saudia"
	},
	"BYN": {
		"name": "Ruble ya Belarus"
	},
	"RUB": {
		"name": "Ruble ya Urusi"
	},
	"MVR": {
		"name": "Rufiyaa ya Maldives"
	},
	"INR": {
		"name": "Rupia ya India",
		"symbol": "₹"
	},
	"MUR": {
		"name": "Rupia ya Mauritius"
	},
	"NPR": {
		"name": "Rupia ya Nepal"
	},
	"PKR": {
		"name": "Rupia ya Pakistan"
	},
	"SCR": {
		"name": "Rupia ya Shelisheli"
	},
	"LKR": {
		"name": "Rupia ya Sri Lanka"
	},
	"IDR": {
		"name": "Rupiah ya Indonesia"
	},
	"SVC": {
		"name": "Salvadoran Colón"
	},
	"JPY": {
		"name": "Sarafu ya Kijapani",
		"symbol": "JP¥"
	},
	"ILS": {
		"name": "Shekeli Mpya ya Israel",
		"symbol": "₪"
	},
	"KES": {
		"name": "Shilingi ya Kenya",
		"symbol": "Ksh"
	},
	"SOS": {
		"name": "Shilingi ya Somalia"
	},
	"TZS": {
		"name": "Shilingi ya Tanzania",
		"symbol": "TSh"
	},
	"UGX": {
		"name": "Shilingi ya Uganda"
	},
	"PEN": {
		"name": "Sol ya Peru"
	},
	"KGS": {
		"name": "Som ya Kyrgystan"
	},
	"UZS": {
		"name": "Som ya Uzbekistan"
	},
	"TJS": {
		"name": "Somoni ya Tajikistan"
	},
	"BDT": {
		"name": "Taka ya Bangladesh"
	},
	"WST": {
		"name": "Tala ya Samoa"
	},
	"KZT": {
		"name": "Tenge ya Kazakhstan"
	},
	"MNT": {
		"name": "Tugrik ya Mongolia"
	},
	"MRU": {
		"name": "Ugwiya ya Moritania"
	},
	"VUV": {
		"name": "Vatu ya Vanuatu"
	},
	"KPW": {
		"name": "Won ya Korea Kaskazini"
	},
	"KRW": {
		"name": "Won ya Korea Kusini",
		"symbol": "₩"
	},
	"CNY": {
		"name": "Yuan Renminbi ya China",
		"symbol": "CN¥"
	},
	"EUR": {
		"name": "Yuro",
		"symbol": "€"
	},
	"ZWL": {
		"name": "Zimbabwean Dollar (2009)"
	},
	"PLN": {
		"name": "Zloty ya Poland"
	}
}