{
	"ARS": {
		"name": "ئارگېنتىنا پېسوسى"
	},
	"AWG": {
		"name": "ئارۇبان فىلورۇنى"
	},
	"XAF": {
		"name": "ئافرىقا قىتئەسى پۇل-مۇئامىلە ئىتتىپاقى فرانكى",
		"symbol": "FCFA"
	},
	"XOF": {
		"name": "ئافرىقا قىتئەسى پۇل-مۇئامىلە ئىتتىپاقى فرانكى (BCEAO)",
		"symbol": "CFA"
	},
	"AFN": {
		"name": "ئافغان ئافغانى"
	},
	"ALL": {
		"name": "ئالبانىيە لېكى"
	},
	"DZD": {
		"name": "ئالجىرىيە دىنارى"
	},
	"USD": {
		"name": "ئامېرىكا دوللىرى",
		"symbol": "$"
	},
	"AOA": {
		"name": "ئانگولا كۇۋانزاسى"
	},
	"AUD": {
		"name": "ئاۋسترالىيە دوللىرى",
		"symbol": "A$"
	},
	"MOP": {
		"name": "ئاۋمېن پاتاكاسى"
	},
	"AED": {
		"name": "ئەرەب بىرلەشمە خەلىپىلىكى دەرھەمى"
	},
	"AMD": {
		"name": "ئەرمېنىيە دىرامى"
	},
	"AZN": {
		"name": "ئەزەربەيجان ماناتى"
	},
	"GBP": {
		"name": "ئەنگلىيە فوند سىتېرلىڭى",
		"symbol": "£"
	},
	"OMR": {
		"name": "ئومان رىيالى"
	},
	"UYU": {
		"name": "ئۇرۇگۋاي پېسوسى"
	},
	"UAH": {
		"name": "ئۇكرائىنا خرىۋناسى"
	},
	"UGX": {
		"name": "ئۇگاندا شىللىڭى"
	},
	"UZS": {
		"name": "ئۆزبېكىستان سومى"
	},
	"ERN": {
		"name": "ئېرىترېيە ناكفاسى"
	},
	"ETB": {
		"name": "ئېفىيوپىيە بىررى"
	},
	"IQD": {
		"name": "ئىراق دىنارى"
	},
	"IRR": {
		"name": "ئىران رىيالى"
	},
	"ILS": {
		"name": "ئىسرائىل يېڭى شېكېلى",
		"symbol": "₪"
	},
	"ISK": {
		"name": "ئىسلاندىيە كروناسى"
	},
	"JOD": {
		"name": "ئىيوردانىيە دىنارى"
	},
	"BBD": {
		"name": "باربادوس دوللىرى"
	},
	"BDT": {
		"name": "باڭلادىش تاكاسى"
	},
	"BSD": {
		"name": "باھاما دوللىرى"
	},
	"BHD": {
		"name": "بەھرەين دىنارى"
	},
	"BWP": {
		"name": "بوتسۋانا پۇلاسى"
	},
	"BAM": {
		"name": "بوسنىيە-خېرتسېگوۋىنا ئالماشتۇرۇشچان ماركى"
	},
	"BOB": {
		"name": "بولىۋىيە بولىۋىيانوسى"
	},
	"BTN": {
		"name": "بۇتان نگۇلترۇمى"
	},
	"BIF": {
		"name": "بۇرۇندى فرانكى"
	},
	"BGN": {
		"name": "بۇلغارىيە لېۋاسى"
	},
	"BMD": {
		"name": "بېرمۇدا دوللىرى"
	},
	"BYN": {
		"name": "بېلارۇسىيە رۇبلىسى"
	},
	"BZD": {
		"name": "بېلىز دوللىرى"
	},
	"BRL": {
		"name": "بىرازىلىيە رىيالى",
		"symbol": "R$"
	},
	"BND": {
		"name": "بىرۇنېي دوللىرى"
	},
	"PGK": {
		"name": "پاپۇئا يېڭى گىۋىنېيە كىناسى"
	},
	"PYG": {
		"name": "پاراگۋاي گۇئارانىسى"
	},
	"PKR": {
		"name": "پاكىستان رۇپىسى"
	},
	"PAB": {
		"name": "پاناما بالبوئاسى"
	},
	"PLN": {
		"name": "پولشا زىلوتى"
	},
	"PEN": {
		"name": "پېرۇ سولى"
	},
	"TJS": {
		"name": "تاجىكىستان سومونىسى"
	},
	"TZS": {
		"name": "تانزانىيە شىللىڭى"
	},
	"THB": {
		"name": "تايلاند باختى"
	},
	"TOP": {
		"name": "تونگا پائانگاسى"
	},
	"TND": {
		"name": "تۇنىس دىنارى"
	},
	"TMT": {
		"name": "تۈركمەنىستان ماناتى"
	},
	"TRY": {
		"name": "تۈركىيە لىراسى"
	},
	"TTD": {
		"name": "تىرىنىداد ۋە توباگو دوللىرى"
	},
	"XPF": {
		"name": "تىنچ ئوكيان پۇل-مۇئامىلە ئورتاق گەۋدىسى فرانكى",
		"symbol": "CFPF"
	},
	"GIP": {
		"name": "جەبىلتارىق فوند سىتېرلىڭى"
	},
	"ZAR": {
		"name": "جەنۇبىي ئافرىقا راندى"
	},
	"SSP": {
		"name": "جەنۇبىي سۇدان فوندستېرلىڭى"
	},
	"KRW": {
		"name": "جەنۇبىي كورېيە ۋونى",
		"symbol": "₩"
	},
	"CNY": {
		"name": "جۇڭگو يۈەنى",
		"symbol": "￥"
	},
	"DJF": {
		"name": "جىبۇتى فرانكى"
	},
	"CZK": {
		"name": "چېخ جۇمھۇرىيىتى كورۇناسى"
	},
	"CLP": {
		"name": "چىلى پېسوسى"
	},
	"DKK": {
		"name": "دانىيە كرونى"
	},
	"DOP": {
		"name": "دومىنىكا پېسوسى"
	},
	"RUB": {
		"name": "رۇسىيە رۇبلىسى"
	},
	"RON": {
		"name": "رۇمىنىيە لېيى"
	},
	"RWF": {
		"name": "رۋاندا فرانكى"
	},
	"ZMW": {
		"name": "زامبىيە كۋاچاسى"
	},
	"ZWL": {
		"name": "زىمبابۋې دوللىرى (2009)"
	},
	"SVC": {
		"name": "سالۋادور كولونى"
	},
	"WST": {
		"name": "ساموئا تالاسى"
	},
	"STN": {
		"name": "سان-تومې ۋە پىرىنسىپى دوبراسى"
	},
	"SHP": {
		"name": "ساينىت-ھېلېنا فوندستېرلىڭى"
	},
	"SAR": {
		"name": "سەئۇدى رىيالى"
	},
	"SBD": {
		"name": "سولومون ئاراللىرى دوللىرى"
	},
	"SOS": {
		"name": "سومالى شىللىڭى"
	},
	"SDG": {
		"name": "سۇدان فوندستېرلىڭى"
	},
	"SRD": {
		"name": "سۇرىنام دوللىرى"
	},
	"SYP": {
		"name": "سۈرىيە فوندستېرلىڭى"
	},
	"RSD": {
		"name": "سېربىيە دىنارى"
	},
	"SLL": {
		"name": "سېررالېئون لېئونېسى"
	},
	"SCR": {
		"name": "سېيشېل رۇپىسى"
	},
	"LKR": {
		"name": "سىرىلانكا رۇپىسى"
	},
	"SGD": {
		"name": "سىنگاپور دوللىرى"
	},
	"SZL": {
		"name": "سىۋېزىلاند لىلانگېنى"
	},
	"XCD": {
		"name": "شەرقىي كارىب دوللىرى",
		"symbol": "EC$"
	},
	"KPW": {
		"name": "شىمالىي كورېيە ۋونى"
	},
	"CHF": {
		"name": "شىۋېتسىيە فرانكى"
	},
	"SEK": {
		"name": "شىۋېتسىيە كروناسى"
	},
	"HKD": {
		"name": "شياڭگاڭ دوللىرى",
		"symbol": "HK$"
	},
	"FKP": {
		"name": "فالكلاند ئاراللىرى فوند سىتېرلىڭى"
	},
	"FJD": {
		"name": "فىجى دوللىرى"
	},
	"PHP": {
		"name": "فىلىپپىن پېسوسى"
	},
	"QAR": {
		"name": "قاتار رىيالى"
	},
	"KZT": {
		"name": "قازاقىستان تەڭگىسى"
	},
	"KGS": {
		"name": "قىرغىزىستان سومى"
	},
	"KHR": {
		"name": "كامبودژا رىئېلى"
	},
	"CAD": {
		"name": "كانادا دوللىرى",
		"symbol": "CA$"
	},
	"KYD": {
		"name": "كايمان ئاراللىرى دوللىرى"
	},
	"CRC": {
		"name": "كوستارىكا كولونى"
	},
	"COP": {
		"name": "كولومبىيە پېسوسى"
	},
	"KMF": {
		"name": "كومورو فرانكى"
	},
	"CDF": {
		"name": "كونگو فرانكى"
	},
	"CUC": {
		"name": "كۇبا ئالماشتۇرۇشچان پېسوسى"
	},
	"CUP": {
		"name": "كۇبا پېسوسى"
	},
	"KWD": {
		"name": "كۇۋەيت دىنارى"
	},
	"KES": {
		"name": "كېنىيە شىللىڭى"
	},
	"HRK": {
		"name": "كىرودىيە كۇناسى"
	},
	"GMD": {
		"name": "گامبىيە دالاسى"
	},
	"GHS": {
		"name": "گانا سېدىسى"
	},
	"ANG": {
		"name": "گوللاندىيەگە قاراشلىق ئانتىللېن گۇلدېنى"
	},
	"GEL": {
		"name": "گىرۇزىيە لارىسى"
	},
	"GTQ": {
		"name": "گىۋاتېمالا كۇۋېتزالى"
	},
	"GYD": {
		"name": "گىۋىئانا دوللىرى"
	},
	"GNF": {
		"name": "گىۋىنېيە فرانكى"
	},
	"LAK": {
		"name": "لائوس كىپى"
	},
	"LSL": {
		"name": "لېسوتو لوتىسى"
	},
	"LRD": {
		"name": "لىبېرىيە دوللىرى"
	},
	"LBP": {
		"name": "لىۋان فوند سىتېرلىڭى"
	},
	"LYD": {
		"name": "لىۋىيە دىنارى"
	},
	"MGA": {
		"name": "ماداغاسقار ئارىئارىسى"
	},
	"MAD": {
		"name": "ماراكەش دىرھەمى"
	},
	"MKD": {
		"name": "ماكېدونىيە دىنارى"
	},
	"MWK": {
		"name": "مالاۋى كۋاچاسى"
	},
	"MYR": {
		"name": "مالايشىيا رىڭگىتى"
	},
	"MVR": {
		"name": "مالدىۋى رۇفىياسى"
	},
	"MRU": {
		"name": "ماۋرىتانىيە ئۇگىيەسى"
	},
	"MUR": {
		"name": "ماۋرىتىئۇس رۇپىسى"
	},
	"MZN": {
		"name": "موزامبىك مېتىكالى"
	},
	"MNT": {
		"name": "موڭغۇلىيە تۈگرىكى"
	},
	"MDL": {
		"name": "مولدوۋا لېۋى"
	},
	"MXN": {
		"name": "مېكسىكا پېسوسى",
		"symbol": "MX$"
	},
	"EGP": {
		"name": "مىسىر فوند سىتېرلىڭى"
	},
	"MMK": {
		"name": "مىيانمار كىياتى"
	},
	"NAD": {
		"name": "نامىبىيە دوللىرى"
	},
	"NOK": {
		"name": "نورۋېگىيە كرونى"
	},
	"NPR": {
		"name": "نېپال رۇپىسى"
	},
	"NIO": {
		"name": "نىگېرىيە كوردوباسى"
	},
	"NGN": {
		"name": "نىگېرىيە نايراسى"
	},
	"HTG": {
		"name": "ھايتى گۇردېسى"
	},
	"HNL": {
		"name": "ھوندۇراس لېمپىراسى"
	},
	"IDR": {
		"name": "ھىندونېزىيە رۇپىيەسى"
	},
	"INR": {
		"name": "ھىندىستان رۇپىسى",
		"symbol": "₹"
	},
	"VUV": {
		"name": "ۋانۇئاتۇ ۋاتۇسى"
	},
	"HUF": {
		"name": "ۋېنگىرىيە فورېنتى"
	},
	"VEF": {
		"name": "ۋېنېزۇئېلا بولىۋارى"
	},
	"VND": {
		"name": "ۋىيېتنام دوڭى",
		"symbol": "₫"
	},
	"JPY": {
		"name": "ياپونىيە يېنى",
		"symbol": "JP¥"
	},
	"JMD": {
		"name": "يامايكا دوللىرى"
	},
	"EUR": {
		"name": "ياۋرو",
		"symbol": "€"
	},
	"YER": {
		"name": "يەمەن رىيالى"
	},
	"CVE": {
		"name": "يېشىل تۇمشۇق ئېسكۇدوسى"
	},
	"TWD": {
		"name": "يېڭى تەيۋەن دوللىرى",
		"symbol": "NT$"
	},
	"NZD": {
		"name": "يېڭى زېلاندىيە دوللىرى",
		"symbol": "NZ$"
	}
}