{
	"AFN": {
		"name": "Afghani Afghanistan"
	},
	"MGA": {
		"name": "Ariary Malagasy"
	},
	"PAB": {
		"name": "Balboa Panama"
	},
	"EGP": {
		"name": "Bảng Ai Cập"
	},
	"GBP": {
		"name": "Bảng Anh",
		"symbol": "£"
	},
	"GIP": {
		"name": "Bảng Gibraltar"
	},
	"LBP": {
		"name": "Bảng Li-băng"
	},
	"SSP": {
		"name": "Bảng Nam Sudan"
	},
	"FKP": {
		"name": "Bảng Quần đảo Falkland"
	},
	"SHP": {
		"name": "Bảng St. Helena"
	},
	"SDG": {
		"name": "Bảng Sudan"
	},
	"SYP": {
		"name": "Bảng Syria"
	},
	"THB": {
		"name": "Bạt Thái Lan",
		"symbol": "฿"
	},
	"ETB": {
		"name": "Birr Ethiopia"
	},
	"VEF": {
		"name": "Bolívar Venezuela"
	},
	"BOB": {
		"name": "Boliviano Bolivia"
	},
	"GHS": {
		"name": "Cedi Ghana"
	},
	"CRC": {
		"name": "Colón Costa Rica"
	},
	"SVC": {
		"name": "Colón El Salvador"
	},
	"NIO": {
		"name": "Córdoba Nicaragua"
	},
	"GMD": {
		"name": "Dalasi Gambia"
	},
	"MKD": {
		"name": "Denar Macedonia"
	},
	"DZD": {
		"name": "Dinar Algeria"
	},
	"BHD": {
		"name": "Dinar Bahrain"
	},
	"IQD": {
		"name": "Dinar I-rắc"
	},
	"JOD": {
		"name": "Dinar Jordan"
	},
	"KWD": {
		"name": "Dinar Kuwait"
	},
	"LYD": {
		"name": "Dinar Libi"
	},
	"RSD": {
		"name": "Dinar Serbia"
	},
	"TND": {
		"name": "Dinar Tunisia"
	},
	"MAD": {
		"name": "Dirham Ma-rốc"
	},
	"AED": {
		"name": "Dirham UAE"
	},
	"STN": {
		"name": "Dobra São Tomé và Príncipe"
	},
	"AMD": {
		"name": "Dram Armenia"
	},
	"AUD": {
		"name": "Đô la Australia",
		"symbol": "AU$"
	},
	"BSD": {
		"name": "Đô la Bahamas"
	},
	"BBD": {
		"name": "Đô la Barbados"
	},
	"BZD": {
		"name": "Đô la Belize"
	},
	"BMD": {
		"name": "Đô la Bermuda"
	},
	"BND": {
		"name": "Đô la Brunei"
	},
	"CAD": {
		"name": "Đô la Canada",
		"symbol": "CA$"
	},
	"TWD": {
		"name": "Đô la Đài Loan mới",
		"symbol": "NT$"
	},
	"XCD": {
		"name": "Đô la Đông Caribê",
		"symbol": "EC$"
	},
	"FJD": {
		"name": "Đô la Fiji"
	},
	"GYD": {
		"name": "Đô la Guyana"
	},
	"HKD": {
		"name": "Đô la Hồng Kông",
		"symbol": "HK$"
	},
	"JMD": {
		"name": "Đô la Jamaica"
	},
	"LRD": {
		"name": "Đô la Liberia"
	},
	"USD": {
		"name": "Đô la Mỹ",
		"symbol": "US$"
	},
	"NAD": {
		"name": "Đô la Namibia"
	},
	"NZD": {
		"name": "Đô la New Zealand",
		"symbol": "NZ$"
	},
	"KYD": {
		"name": "Đô la Quần đảo Cayman"
	},
	"SBD": {
		"name": "Đô la quần đảo Solomon"
	},
	"SGD": {
		"name": "Đô la Singapore"
	},
	"SRD": {
		"name": "Đô la Suriname"
	},
	"TTD": {
		"name": "Đô la Trinidad và Tobago"
	},
	"ZWL": {
		"name": "Đồng Đô la Zimbabwe (2009)"
	},
	"VND": {
		"name": "Đồng Việt Nam",
		"symbol": "₫"
	},
	"CVE": {
		"name": "Escudo Cape Verde"
	},
	"EUR": {
		"name": "Euro",
		"symbol": "€"
	},
	"AWG": {
		"name": "Florin Aruba"
	},
	"HUF": {
		"name": "Forint Hungary"
	},
	"BIF": {
		"name": "Franc Burundi"
	},
	"XOF": {
		"name": "Franc CFA Tây Phi",
		"symbol": "CFA"
	},
	"XAF": {
		"name": "Franc CFA Trung Phi",
		"symbol": "FCFA"
	},
	"XPF": {
		"name": "Franc CFP",
		"symbol": "CFPF"
	},
	"KMF": {
		"name": "Franc Comoros"
	},
	"CDF": {
		"name": "Franc Congo"
	},
	"DJF": {
		"name": "Franc Djibouti"
	},
	"GNF": {
		"name": "Franc Guinea"
	},
	"RWF": {
		"name": "Franc Rwanda"
	},
	"CHF": {
		"name": "Franc Thụy sĩ"
	},
	"HTG": {
		"name": "Gourde Haiti"
	},
	"PYG": {
		"name": "Guarani Paraguay"
	},
	"ANG": {
		"name": "Guilder Antille Hà Lan"
	},
	"UAH": {
		"name": "Hryvnia Ucraina"
	},
	"LSL": {
		"name": "Ioti Lesotho"
	},
	"PGK": {
		"name": "Kina Papua New Guinean"
	},
	"LAK": {
		"name": "Kip Lào"
	},
	"CZK": {
		"name": "Koruna Cộng hòa Séc"
	},
	"ISK": {
		"name": "Króna Iceland"
	},
	"SEK": {
		"name": "Krona Thụy Điển"
	},
	"DKK": {
		"name": "Krone Đan Mạch"
	},
	"NOK": {
		"name": "Krone Na Uy"
	},
	"HRK": {
		"name": "Kuna Croatia"
	},
	"MWK": {
		"name": "Kwacha Malawi"
	},
	"ZMW": {
		"name": "Kwacha Zambia"
	},
	"AOA": {
		"name": "Kwanza Angola"
	},
	"MMK": {
		"name": "Kyat Myanma"
	},
	"GEL": {
		"name": "Lari Gruzia"
	},
	"ALL": {
		"name": "Lek Albania"
	},
	"HNL": {
		"name": "Lempira Honduras"
	},
	"SLL": {
		"name": "Leone Sierra Leone"
	},
	"MDL": {
		"name": "Leu Moldova"
	},
	"RON": {
		"name": "Leu Romania"
	},
	"BGN": {
		"name": "Lev Bulgaria"
	},
	"TRY": {
		"name": "Lia Thổ Nhĩ Kỳ"
	},
	"SZL": {
		"name": "Lilangeni Swaziland"
	},
	"AZN": {
		"name": "Manat Azerbaijan"
	},
	"TMT": {
		"name": "Manat Turkmenistan"
	},
	"BAM": {
		"name": "Mark Bosnia-Herzegovina có thể chuyển đổi"
	},
	"MZN": {
		"name": "Metical Mozambique"
	},
	"NGN": {
		"name": "Naira Nigeria"
	},
	"ERN": {
		"name": "Nakfa Eritrea"
	},
	"BTN": {
		"name": "Ngultrum Bhutan"
	},
	"CNY": {
		"name": "Nhân dân tệ",
		"symbol": "CN¥"
	},
	"MRU": {
		"name": "Ouguiya Mauritania"
	},
	"TOP": {
		"name": "Paʻanga Tonga"
	},
	"MOP": {
		"name": "Pataca Ma Cao"
	},
	"ARS": {
		"name": "Peso Argentina"
	},
	"CLP": {
		"name": "Peso Chile"
	},
	"COP": {
		"name": "Peso Colombia"
	},
	"CUP": {
		"name": "Peso Cuba"
	},
	"CUC": {
		"name": "Peso Cuba có thể chuyển đổi"
	},
	"DOP": {
		"name": "Peso Dominica"
	},
	"MXN": {
		"name": "Peso Mexico",
		"symbol": "MX$"
	},
	"PHP": {
		"name": "Peso Philipin"
	},
	"UYU": {
		"name": "Peso Uruguay"
	},
	"BWP": {
		"name": "Pula Botswana"
	},
	"GTQ": {
		"name": "Quetzal Guatemala"
	},
	"ZAR": {
		"name": "Rand Nam Phi"
	},
	"BRL": {
		"name": "Real Braxin",
		"symbol": "R$"
	},
	"IRR": {
		"name": "Rial Iran"
	},
	"OMR": {
		"name": "Rial Oman"
	},
	"QAR": {
		"name": "Rial Qatar"
	},
	"YER": {
		"name": "Rial Yemen"
	},
	"KHR": {
		"name": "Riel Campuchia"
	},
	"MYR": {
		"name": "Ringgit Malaysia"
	},
	"SAR": {
		"name": "Riyal Ả Rập Xê-út"
	},
	"MVR": {
		"name": "Rufiyaa Maldives"
	},
	"BYN": {
		"name": "Rúp Belarus"
	},
	"RUB": {
		"name": "Rúp Nga"
	},
	"INR": {
		"name": "Rupee Ấn Độ",
		"symbol": "₹"
	},
	"MUR": {
		"name": "Rupee Mauritius"
	},
	"NPR": {
		"name": "Rupee Nepal"
	},
	"PKR": {
		"name": "Rupee Pakistan"
	},
	"SCR": {
		"name": "Rupee Seychelles"
	},
	"LKR": {
		"name": "Rupee Sri Lanka"
	},
	"IDR": {
		"name": "Rupiah Indonesia"
	},
	"SOS": {
		"name": "Schilling Somali"
	},
	"ILS": {
		"name": "Sheqel Israel mới",
		"symbol": "₪"
	},
	"KES": {
		"name": "Shilling Kenya"
	},
	"TZS": {
		"name": "Shilling Tanzania"
	},
	"UGX": {
		"name": "Shilling Uganda"
	},
	"PEN": {
		"name": "Sol Peru"
	},
	"KGS": {
		"name": "Som Kyrgyzstan"
	},
	"UZS": {
		"name": "Som Uzbekistan"
	},
	"TJS": {
		"name": "Somoni Tajikistan"
	},
	"BDT": {
		"name": "Taka Bangladesh"
	},
	"WST": {
		"name": "Tala Samoa"
	},
	"KZT": {
		"name": "Tenge Kazakhstan"
	},
	"MNT": {
		"name": "Tugrik Mông Cổ"
	},
	"VUV": {
		"name": "Vatu Vanuatu"
	},
	"KRW": {
		"name": "Won Hàn Quốc",
		"symbol": "₩"
	},
	"KPW": {
		"name": "Won Triều Tiên"
	},
	"JPY": {
		"name": "Yên Nhật",
		"symbol": "JP¥"
	},
	"PLN": {
		"name": "Zloty Ba Lan"
	}
}