{
	"AFN": {
		"name": "Afghan Afghani"
	},
	"ALL": {
		"name": "Albanian Lek"
	},
	"ARS": {
		"name": "Argentine Peso"
	},
	"AMD": {
		"name": "Armenian Dram"
	},
	"AWG": {
		"name": "Aruban Florin"
	},
	"AZN": {
		"name": "Azerbaijani Manat"
	},
	"BSD": {
		"name": "Bahamian Dollar"
	},
	"BDT": {
		"name": "Bangladeshi Taka"
	},
	"BBD": {
		"name": "Barbadian Dollar"
	},
	"BYN": {
		"name": "Belarusian Ruble"
	},
	"BZD": {
		"name": "Belize Dollar"
	},
	"BMD": {
		"name": "Bermudan Dollar"
	},
	"BTN": {
		"name": "Bhutanese Ngultrum"
	},
	"ETB": {
		"name": "Biri ti Orílɛ́ède Eutopia"
	},
	"BOB": {
		"name": "Bolivian Boliviano"
	},
	"BAM": {
		"name": "Bosnia-Herzegovina Convertible Mark"
	},
	"BRL": {
		"name": "Brazilian Real",
		"symbol": "R$"
	},
	"BND": {
		"name": "Brunei Dollar"
	},
	"BGN": {
		"name": "Bulgarian Lev"
	},
	"KHR": {
		"name": "Cambodian Riel"
	},
	"KYD": {
		"name": "Cayman Islands Dollar"
	},
	"XPF": {
		"name": "CFP Franc",
		"symbol": "CFPF"
	},
	"CLP": {
		"name": "Chilean Peso"
	},
	"COP": {
		"name": "Colombian Peso"
	},
	"CRC": {
		"name": "Costa Rican Colón"
	},
	"HRK": {
		"name": "Croatian Kuna"
	},
	"CUC": {
		"name": "Cuban Convertible Peso"
	},
	"CUP": {
		"name": "Cuban Peso"
	},
	"CZK": {
		"name": "Czech Koruna"
	},
	"GMD": {
		"name": "Dalasi ti Orílɛ́ède Gamibia"
	},
	"DKK": {
		"name": "Danish Krone"
	},
	"AED": {
		"name": "Diami ti Awon Orílɛ́ède Arabu"
	},
	"DZD": {
		"name": "Dina ti Orílɛ́ède Àlùgèríánì"
	},
	"BHD": {
		"name": "Dina ti Orílɛ́ède Báránì"
	},
	"LYD": {
		"name": "Dina ti Orílɛ́ède Libiya"
	},
	"SDG": {
		"name": "Dina ti Orílɛ́ède Sudani"
	},
	"TND": {
		"name": "Dina ti Orílɛ́ède Tunisia"
	},
	"MAD": {
		"name": "Dirami ti Orílɛ́ède Moroko"
	},
	"STN": {
		"name": "Dobira ti Orílɛ́ède Sao tome Ati Pirisipe"
	},
	"DOP": {
		"name": "Dominican Peso"
	},
	"USD": {
		"name": "Dɔla ti Orílɛ́ède Amerika",
		"symbol": "US$"
	},
	"AUD": {
		"name": "Dɔla ti Orílɛ́ède Ástràlìá",
		"symbol": "A$"
	},
	"CAD": {
		"name": "Dɔla ti Orílɛ́ède Kánádà",
		"symbol": "CA$"
	},
	"LRD": {
		"name": "Dɔla ti Orílɛ́ède Liberia"
	},
	"NAD": {
		"name": "Dɔla ti Orílɛ́ède Namibia"
	},
	"XCD": {
		"name": "East Caribbean Dollar",
		"symbol": "EC$"
	},
	"FKP": {
		"name": "Falkland Islands Pound"
	},
	"XAF": {
		"name": "Faransi ti Orílɛ́ède BEKA",
		"symbol": "FCFA"
	},
	"XOF": {
		"name": "Faransi ti Orílɛ́ède BIKEAO",
		"symbol": "CFA"
	},
	"BIF": {
		"name": "Faransi ti Orílɛ́ède Bùùrúndì"
	},
	"DJF": {
		"name": "Faransi ti Orílɛ́ède Dibouti"
	},
	"CDF": {
		"name": "Faransi ti Orílɛ́ède Kóngò"
	},
	"MGA": {
		"name": "Faransi ti Orílɛ́ède Malagasi"
	},
	"RWF": {
		"name": "Faransi ti Orílɛ́ède Ruwanda"
	},
	"KMF": {
		"name": "Faransi ti Orílɛ́ède shomoriani"
	},
	"CHF": {
		"name": "Faransi ti Orílɛ́ède Siwisi"
	},
	"FJD": {
		"name": "Fijian Dollar"
	},
	"GEL": {
		"name": "Georgian Lari"
	},
	"GHS": {
		"name": "Ghanaian Cedi"
	},
	"GIP": {
		"name": "Gibraltar Pound"
	},
	"GTQ": {
		"name": "Guatemalan Quetzal"
	},
	"GNF": {
		"name": "Guinean Franc"
	},
	"GYD": {
		"name": "Guyanaese Dollar"
	},
	"HTG": {
		"name": "Haitian Gourde"
	},
	"HNL": {
		"name": "Honduran Lempira"
	},
	"HKD": {
		"name": "Hong Kong Dollar",
		"symbol": "HK$"
	},
	"HUF": {
		"name": "Hungarian Forint"
	},
	"ISK": {
		"name": "Icelandic Króna"
	},
	"IDR": {
		"name": "Indonesian Rupiah"
	},
	"IRR": {
		"name": "Iranian Rial"
	},
	"IQD": {
		"name": "Iraqi Dinar"
	},
	"ILS": {
		"name": "Israeli New Shekel",
		"symbol": "₪"
	},
	"JMD": {
		"name": "Jamaican Dollar"
	},
	"JOD": {
		"name": "Jordanian Dinar"
	},
	"CVE": {
		"name": "Kabofediano ti Orílɛ́ède Esuodo"
	},
	"MWK": {
		"name": "Kasha ti Orílɛ́ède Malawi"
	},
	"ZMW": {
		"name": "Kawasha ti Orílɛ́ède Saabia"
	},
	"KZT": {
		"name": "Kazakhstani Tenge"
	},
	"KWD": {
		"name": "Kuwaiti Dinar"
	},
	"KGS": {
		"name": "Kyrgystani Som"
	},
	"LAK": {
		"name": "Laotian Kip"
	},
	"LBP": {
		"name": "Lebanese Pound"
	},
	"SZL": {
		"name": "Lilangeni"
	},
	"SLL": {
		"name": "Lioni"
	},
	"LSL": {
		"name": "Loti ti Orílɛ́ède Lesoto"
	},
	"MOP": {
		"name": "Macanese Pataca"
	},
	"MKD": {
		"name": "Macedonian Denar"
	},
	"MYR": {
		"name": "Malaysian Ringgit"
	},
	"MVR": {
		"name": "Maldivian Rufiyaa"
	},
	"MXN": {
		"name": "Mexican Peso",
		"symbol": "MX$"
	},
	"MDL": {
		"name": "Moldovan Leu"
	},
	"MNT": {
		"name": "Mongolian Tugrik"
	},
	"MZN": {
		"name": "Mozambican Metical"
	},
	"MMK": {
		"name": "Myanmar Kyat"
	},
	"NGN": {
		"name": "Naira ti Orílɛ́ède Nàìjíríà",
		"symbol": "₦"
	},
	"ERN": {
		"name": "Nakifa ti Orílɛ́ède Eriteriani"
	},
	"NPR": {
		"name": "Nepalese Rupee"
	},
	"ANG": {
		"name": "Netherlands Antillean Guilder"
	},
	"TWD": {
		"name": "New Taiwan Dollar",
		"symbol": "NT$"
	},
	"NZD": {
		"name": "New Zealand Dollar",
		"symbol": "NZ$"
	},
	"NIO": {
		"name": "Nicaraguan Córdoba"
	},
	"KPW": {
		"name": "North Korean Won"
	},
	"NOK": {
		"name": "Norwegian Krone"
	},
	"OMR": {
		"name": "Omani Rial"
	},
	"MRU": {
		"name": "Ouguiya ti Orílɛ́ède Maritania"
	},
	"PKR": {
		"name": "Pakistani Rupee"
	},
	"PAB": {
		"name": "Panamanian Balboa"
	},
	"PGK": {
		"name": "Papua New Guinean Kina"
	},
	"PYG": {
		"name": "Paraguayan Guarani"
	},
	"PEN": {
		"name": "Peruvian Sol"
	},
	"PHP": {
		"name": "Philippine Piso"
	},
	"PLN": {
		"name": "Polish Zloty"
	},
	"GBP": {
		"name": "Pɔɔn ti Orílɛ́ède Bírítísì",
		"symbol": "£"
	},
	"EGP": {
		"name": "pɔɔn ti Orílɛ́ède Egipiti"
	},
	"SHP": {
		"name": "Pɔɔun ti Orílɛ́ède ̣Elena"
	},
	"BWP": {
		"name": "Pula ti Orílɛ́ède Bɔ̀tìsúwánà"
	},
	"QAR": {
		"name": "Qatari Rial"
	},
	"ZAR": {
		"name": "Randi ti Orílɛ́ède Ariwa Afirika"
	},
	"CNY": {
		"name": "Reminibi ti Orílɛ́ède sháínà",
		"symbol": "CN¥"
	},
	"SAR": {
		"name": "Riya ti Orílɛ́ède Saudi"
	},
	"RON": {
		"name": "Romanian Leu"
	},
	"INR": {
		"name": "Rupi ti Orílɛ́ède Indina",
		"symbol": "₹"
	},
	"MUR": {
		"name": "Rupi ti Orílɛ́ède Maritiusi"
	},
	"SCR": {
		"name": "Rupi ti Orílɛ́ède Sayiselesi"
	},
	"RUB": {
		"name": "Russian Ruble"
	},
	"SVC": {
		"name": "Salvadoran Colón"
	},
	"WST": {
		"name": "Samoan Tala"
	},
	"RSD": {
		"name": "Serbian Dinar"
	},
	"KES": {
		"name": "shiili ti Orílɛ́ède Kenya"
	},
	"UGX": {
		"name": "Siile ti Orílɛ́ède Uganda"
	},
	"SOS": {
		"name": "Sile ti Orílɛ́ède Somali"
	},
	"TZS": {
		"name": "Sile ti Orílɛ́ède Tansania"
	},
	"SGD": {
		"name": "Singapore Dollar"
	},
	"SBD": {
		"name": "Solomon Islands Dollar"
	},
	"KRW": {
		"name": "South Korean Won",
		"symbol": "₩"
	},
	"SSP": {
		"name": "South Sudanese Pound"
	},
	"LKR": {
		"name": "Sri Lankan Rupee"
	},
	"SRD": {
		"name": "Surinamese Dollar"
	},
	"SEK": {
		"name": "Swedish Krona"
	},
	"SYP": {
		"name": "Syrian Pound"
	},
	"TJS": {
		"name": "Tajikistani Somoni"
	},
	"THB": {
		"name": "Thai Baht"
	},
	"TOP": {
		"name": "Tongan Paʻanga"
	},
	"TTD": {
		"name": "Trinidad & Tobago Dollar"
	},
	"TRY": {
		"name": "Turkish Lira"
	},
	"TMT": {
		"name": "Turkmenistani Manat"
	},
	"UAH": {
		"name": "Ukrainian Hryvnia"
	},
	"EUR": {
		"name": "Uro",
		"symbol": "€"
	},
	"UYU": {
		"name": "Uruguayan Peso"
	},
	"UZS": {
		"name": "Uzbekistani Som"
	},
	"VUV": {
		"name": "Vanuatu Vatu"
	},
	"VEF": {
		"name": "Venezuelan Bolívar"
	},
	"VND": {
		"name": "Vietnamese Dong",
		"symbol": "₫"
	},
	"AOA": {
		"name": "Wansa ti Orílɛ́ède Àngólà"
	},
	"YER": {
		"name": "Yemeni Rial"
	},
	"JPY": {
		"name": "Yeni ti Orílɛ́ède Japani",
		"symbol": "JP¥"
	},
	"ZWL": {
		"name": "Zimbabwean Dollar (2009)"
	}
}