{
	"AFN": {
		"name": "i-Afghan Afghani"
	},
	"ALL": {
		"name": "i-Albanian Lek"
	},
	"DZD": {
		"name": "i-Algerian Dinar"
	},
	"AOA": {
		"name": "i-Angolan Kwanza"
	},
	"ARS": {
		"name": "i-Argentina Peso"
	},
	"AMD": {
		"name": "i-Armenian Dram"
	},
	"AWG": {
		"name": "i-Aruban Florin"
	},
	"AUD": {
		"name": "i-Austrilian Dollar",
		"symbol": "A$"
	},
	"AZN": {
		"name": "i-Azerbaijani Manat"
	},
	"BSD": {
		"name": "i-Bahamian Dollar"
	},
	"BHD": {
		"name": "i-Bahraini Dinar"
	},
	"BDT": {
		"name": "i-Bangladeshi Taka"
	},
	"BBD": {
		"name": "i-Barbadian Dollar"
	},
	"BYN": {
		"name": "i-Belarusian Ruble"
	},
	"BZD": {
		"name": "i-Belize Dollar"
	},
	"BMD": {
		"name": "i-Bermudan Dollar"
	},
	"BTN": {
		"name": "i-Bhutanese Ngultrum"
	},
	"BOB": {
		"name": "i-Bolivian Boliviano"
	},
	"BAM": {
		"name": "i-Bosnia-Herzegovina Convertible Mark"
	},
	"BWP": {
		"name": "i-Botswana Pula"
	},
	"BRL": {
		"name": "i-Brazilian Real",
		"symbol": "R$"
	},
	"GBP": {
		"name": "i-British Pound",
		"symbol": "£"
	},
	"BND": {
		"name": "i-Brunei Dollar"
	},
	"BGN": {
		"name": "i-Bulgarian Lev"
	},
	"BIF": {
		"name": "i-Burundian Franc"
	},
	"KHR": {
		"name": "i-Cambodian Riel"
	},
	"CAD": {
		"name": "i-Candian Dollar",
		"symbol": "CA$"
	},
	"CVE": {
		"name": "i-Cape Verdean Escudo"
	},
	"KYD": {
		"name": "i-Cayman Islands Dollar"
	},
	"XAF": {
		"name": "i-Central African CFA Franc",
		"symbol": "FCFA"
	},
	"XPF": {
		"name": "i-CFP Franc",
		"symbol": "CFPF"
	},
	"CLP": {
		"name": "i-Chilean Peso"
	},
	"CNY": {
		"name": "i-Chinese Yuan",
		"symbol": "CN¥"
	},
	"COP": {
		"name": "i-Colombian Peso"
	},
	"KMF": {
		"name": "i-Comorian Franc"
	},
	"CDF": {
		"name": "i-Congolese Franc"
	},
	"CRC": {
		"name": "i-Costa Rican Colón"
	},
	"HRK": {
		"name": "i-Croatian Kuna"
	},
	"CUC": {
		"name": "i-Cuban Convertable Peso"
	},
	"CUP": {
		"name": "i-Cuban Peso"
	},
	"CZK": {
		"name": "i-Czech Republic Koruna"
	},
	"DKK": {
		"name": "i-Danish Krone"
	},
	"AED": {
		"name": "i-Dirham yase-United Arab Emirates"
	},
	"DJF": {
		"name": "i-Djiboutian Franc"
	},
	"DOP": {
		"name": "i-Dominican Peso"
	},
	"XCD": {
		"name": "i-East Caribbean Dollar",
		"symbol": "EC$"
	},
	"EGP": {
		"name": "i-Egyptian Pound"
	},
	"ERN": {
		"name": "i-Eritrean Nakfa"
	},
	"ETB": {
		"name": "i-Ethopian Birr"
	},
	"EUR": {
		"name": "i-Euro",
		"symbol": "€"
	},
	"FKP": {
		"name": "i-Falkland Islands Pound"
	},
	"FJD": {
		"name": "i-Fijian Dollar"
	},
	"GMD": {
		"name": "i-Gambian Dalasi"
	},
	"GEL": {
		"name": "i-Georgian Lari"
	},
	"GHS": {
		"name": "i-Ghanaian Cedi"
	},
	"GIP": {
		"name": "i-Gibraltar Pound"
	},
	"GTQ": {
		"name": "i-Guatemalan Quetzal"
	},
	"GNF": {
		"name": "i-Gunean Franc"
	},
	"GYD": {
		"name": "i-Guyanaese Dollar"
	},
	"HTG": {
		"name": "i-Haitian Gourde"
	},
	"HNL": {
		"name": "i-Honduran Lempira"
	},
	"HKD": {
		"name": "i-Hong Kong Dollar",
		"symbol": "HK$"
	},
	"HUF": {
		"name": "i-Hungarian Forint"
	},
	"ISK": {
		"name": "i-Icelandic Króna"
	},
	"INR": {
		"name": "i-Indian Rupee",
		"symbol": "₹"
	},
	"IDR": {
		"name": "i-Indonesian Rupiah"
	},
	"IRR": {
		"name": "i-Iranian Rial"
	},
	"IQD": {
		"name": "i-Iraqi Dinar"
	},
	"ILS": {
		"name": "i-Israeli New Sheqel",
		"symbol": "₪"
	},
	"JMD": {
		"name": "i-Jamaican Dollar"
	},
	"JPY": {
		"name": "i-Japanese Yen",
		"symbol": "JP¥"
	},
	"JOD": {
		"name": "i-Jordanian Dinar"
	},
	"KZT": {
		"name": "i-Kazakhstani Tenge"
	},
	"KES": {
		"name": "i-Kenyan Shilling"
	},
	"KWD": {
		"name": "i-Kuwaiti Dinar"
	},
	"KGS": {
		"name": "i-Kyrgystani Som"
	},
	"LAK": {
		"name": "i-Laotian Kip"
	},
	"LBP": {
		"name": "i-Lebanese Pound"
	},
	"LSL": {
		"name": "i-Lesotho Loti"
	},
	"LRD": {
		"name": "i-Liberian Dollar"
	},
	"LYD": {
		"name": "i-Libyan Dinar"
	},
	"MOP": {
		"name": "i-Macanese Pataca"
	},
	"MKD": {
		"name": "i-Macedonian Denar"
	},
	"MGA": {
		"name": "i-Malagasy Ariary"
	},
	"MWK": {
		"name": "i-Malawian Kwacha"
	},
	"MYR": {
		"name": "i-Malaysian Ringgit"
	},
	"MVR": {
		"name": "i-Maldivian Rufiyana"
	},
	"MRU": {
		"name": "i-Mauritanian Ouguiya"
	},
	"MUR": {
		"name": "i-Mauritian Rupee"
	},
	"MXN": {
		"name": "i-Mexican Peso",
		"symbol": "MX$"
	},
	"MDL": {
		"name": "i-Moldovan Leu"
	},
	"MNT": {
		"name": "i-Mongolian Tugrik"
	},
	"MAD": {
		"name": "i-Moroccan Dirham"
	},
	"MZN": {
		"name": "i-Mozambican Metical"
	},
	"MMK": {
		"name": "i-Myanma Kyat"
	},
	"NAD": {
		"name": "i-Namibian Dollar"
	},
	"NPR": {
		"name": "i-Nepalese Rupee"
	},
	"ANG": {
		"name": "i-Netherlands Antillean Guilder"
	},
	"TWD": {
		"name": "i-New Taiwan Dollar",
		"symbol": "NT$"
	},
	"NZD": {
		"name": "i-New Zealand Dollar",
		"symbol": "NZ$"
	},
	"NIO": {
		"name": "i-Nicaraguan Córdoba"
	},
	"NGN": {
		"name": "i-Nigerian Naira"
	},
	"KPW": {
		"name": "i-North Korean Won"
	},
	"NOK": {
		"name": "i-Norwegian Krone"
	},
	"OMR": {
		"name": "i-Omani Rial"
	},
	"PKR": {
		"name": "i-Pakistani Rupee"
	},
	"PAB": {
		"name": "i-Panamanian Balboa"
	},
	"PGK": {
		"name": "i-Papua New Guinean Kina"
	},
	"PYG": {
		"name": "i-Paraguayan Guarani"
	},
	"PEN": {
		"name": "i-Peruvian Nuevo Sol"
	},
	"PHP": {
		"name": "i-Philippine Peso"
	},
	"PLN": {
		"name": "i-Polish Zloty"
	},
	"QAR": {
		"name": "i-Qatari Rial"
	},
	"RON": {
		"name": "i-Romanian Leu"
	},
	"RUB": {
		"name": "i-Russian Ruble"
	},
	"RWF": {
		"name": "i-Rwandan Franc"
	},
	"SHP": {
		"name": "i-Saint Helena Pound"
	},
	"WST": {
		"name": "i-Samoan Tala"
	},
	"STN": {
		"name": "i-São Tomé kanye ne-Príncipe Dobra"
	},
	"SAR": {
		"name": "i-Saudi Riyal"
	},
	"RSD": {
		"name": "i-Serbian Dinar"
	},
	"SCR": {
		"name": "i-Seychellois Rupee"
	},
	"SLL": {
		"name": "i-Sierra Leonean Leone"
	},
	"SGD": {
		"name": "i-Singapore Dollar"
	},
	"SBD": {
		"name": "i-Solomon Islands Dollar"
	},
	"SOS": {
		"name": "i-Somali Shilling"
	},
	"ZAR": {
		"name": "i-South African Rand",
		"symbol": "R"
	},
	"KRW": {
		"name": "i-South Korean Won",
		"symbol": "₩"
	},
	"SSP": {
		"name": "i-South Sudanese Pound"
	},
	"LKR": {
		"name": "i-Sri Lankan Rupee"
	},
	"SDG": {
		"name": "i-Sudanese Pound"
	},
	"SRD": {
		"name": "i-Surinamese Dollar"
	},
	"SZL": {
		"name": "i-Swazi Lilangeni"
	},
	"SEK": {
		"name": "i-Swedish Krona"
	},
	"CHF": {
		"name": "i-Swiss Franc"
	},
	"SYP": {
		"name": "i-Syrian Pound"
	},
	"TJS": {
		"name": "i-Tajikistani Somoni"
	},
	"TZS": {
		"name": "i-Tanzanian Shilling"
	},
	"THB": {
		"name": "i-Thai Baht",
		"symbol": "฿"
	},
	"TOP": {
		"name": "i-Tongan Paʻanga"
	},
	"TTD": {
		"name": "i-Trinidad and Tobago Dollar"
	},
	"TND": {
		"name": "i-Tunisian Dinar"
	},
	"TRY": {
		"name": "i-Turkish Lira"
	},
	"TMT": {
		"name": "i-Turkmenistani Manat"
	},
	"UGX": {
		"name": "i-Ugandan Shilling"
	},
	"UAH": {
		"name": "i-Ukrainian Hryvnia"
	},
	"UYU": {
		"name": "i-Uruguayan Peso"
	},
	"USD": {
		"name": "i-US Dollar",
		"symbol": "US$"
	},
	"UZS": {
		"name": "i-Uzbekistan Som"
	},
	"VUV": {
		"name": "i-Vanuatu Vatu"
	},
	"VEF": {
		"name": "i-Venezuelan Bolívar"
	},
	"VND": {
		"name": "i-Vietnamese Dong",
		"symbol": "₫"
	},
	"XOF": {
		"name": "i-West African CFA Franc",
		"symbol": "CFA"
	},
	"YER": {
		"name": "i-Yemeni Rial"
	},
	"ZMW": {
		"name": "i-Zambian Kwacha"
	},
	"SVC": {
		"name": "Salvadoran Colón"
	},
	"ZWL": {
		"name": "Zimbabwean Dollar (2009)"
	}
}